,Weight,Volume,Type
0,125.85814209848292,150.07319051854506,Apple
1,126.3490068181426,149.5453739037865,Apple
2,114.91066949744703,208.03140451193417,Apple
3,125.56072482862868,198.45138564837018,Apple
4,128.77405915781733,159.48318419339896,Apple
5,114.30513597987805,151.90666434898108,Apple
6,122.69192220893505,166.6692453351933,Apple
7,120.98461509910757,176.8604180860476,Apple
8,127.73243238871628,179.69864520980886,Apple
9,122.28100356265395,221.5168604549726,Apple
10,115.32317085290475,199.18718039076307,Apple
11,124.8732064536814,186.7105655423333,Apple
12,143.34852533083614,207.79862420319137,Apple
13,127.45792699878082,147.21098339556897,Apple
14,118.93295165615666,187.12642561782684,Apple
15,129.79628128695592,174.5948750333815,Apple
16,139.1039569480909,176.9471388738366,Apple
17,136.48142281416386,213.50370827454057,Apple
18,128.99391530667467,153.00996964761177,Apple
19,125.5073221282137,174.56662579447203,Apple
20,112.70963972523049,192.70832080394138,Apple
21,112.04677398619441,199.0545289948157,Apple
22,114.4889162347889,191.59969333346316,Apple
23,120.0649008991367,166.06731982497266,Apple
24,123.04965891612551,184.55861216635964,Apple
25,113.79808556851911,191.9267729138575,Apple
26,125.66318270213763,179.6096089399086,Apple
27,134.59490084708122,161.2481143198692,Apple
28,115.89258319433554,212.25825760593426,Apple
29,99.25814925640736,187.63042051260106,Apple
30,127.45977856276792,159.52577952630273,Apple
31,127.92669674691597,208.6974707112992,Apple
32,124.59886088138597,197.89290507563766,Apple
33,128.43309111128409,167.33633254514538,Apple
34,121.69765972967537,173.82695481676126,Apple
35,111.3982650957903,171.8214405310484,Apple
36,112.72991560932223,216.27759136919906,Apple
37,151.84991627189493,188.46374809957055,Apple
38,111.78211521708491,184.89105453416903,Apple
39,143.63119892918164,199.16524960852135,Apple
40,130.91621536357303,184.17149203443003,Apple
41,145.04652459871625,184.73118810736042,Apple
42,95.14740100936335,173.94667283657927,Apple
43,127.80966627761173,182.25467666165503,Apple
44,118.6527583265281,155.7341179567424,Apple
45,134.21781951424842,170.37419303665524,Apple
46,110.15381253141983,172.2006400632674,Apple
47,125.3721211462764,142.64885194199388,Apple
48,110.73569080165827,183.74193787909203,Apple
49,114.93663796941804,188.84860075237,Apple
50,114.20762160039357,168.14233329547733,Apple
51,133.8772867003871,184.3586795464475,Apple
52,121.2098130191039,192.5412159554478,Apple
53,129.22463409808887,186.02415938278347,Apple
54,127.59639766810074,153.38022329337122,Apple
55,112.69314227179211,182.27266351398552,Apple
56,85.7239491960672,201.35359556514993,Apple
57,123.67796378223991,164.8429898683801,Apple
58,136.3175547720999,165.26785093583644,Apple
59,132.814685802516,204.66655558327662,Apple
60,117.69943431353875,177.14802922007937,Apple
61,137.20121824696392,199.0993603752285,Apple
62,117.93537904939193,167.2180621346582,Apple
63,138.9578998151087,165.9280003060469,Apple
64,134.65732402004744,179.53521685166248,Apple
65,118.4230212642011,162.25846029753865,Apple
66,132.98706843871824,176.8239164013177,Apple
67,140.6162820861787,175.54723408295644,Apple
68,133.02212157649376,179.50452404312296,Apple
69,142.0118907202918,164.77995841557987,Apple
70,128.44407733808686,175.61468596825486,Apple
71,100.93194007240102,178.8146201900403,Apple
72,111.4680564936804,190.92370084902393,Apple
73,109.92718730535637,223.60301236577962,Apple
74,126.07041052962799,175.31820739052372,Apple
75,117.60505662010362,178.62547528597815,Apple
76,120.80037914141558,167.3439001630322,Apple
77,152.67309853606503,197.59431922441695,Apple
78,114.2053322838981,186.9316314688991,Apple
79,109.90117836968636,143.60551597087039,Apple
80,137.2149022239953,164.7942799079741,Apple
81,133.34671707165126,172.19257119206148,Apple
82,130.0425723441369,168.0535845842763,Apple
83,135.82421990427915,195.61953117352493,Apple
84,120.6713391755812,175.01521772125983,Apple
85,114.32246355761305,179.45951136456623,Apple
86,144.53233162397075,138.15216093468987,Apple
87,128.84041838342193,152.09062419619897,Apple
88,106.34685258080172,157.11273218017223,Apple
89,113.19025487347866,196.02550494192138,Apple
90,133.1528921424003,194.1186857863894,Apple
91,125.77364313284507,153.40944511496593,Apple
92,128.78483262378035,166.26597603429843,Apple
93,131.66403939295418,181.6396940228292,Apple
94,119.79648397584921,167.53426758923618,Apple
95,119.70066143944788,173.84359566493455,Apple
96,120.43091383498628,183.00291957015634,Apple
97,98.7620406686973,173.1740166353134,Apple
98,103.88146453248376,195.83652795224674,Apple
99,136.13793898557608,185.20953138806527,Apple
100,119.97041149195415,186.30072333614604,Apple
101,138.306034162065,182.27757506346265,Apple
102,113.89195549141172,187.55844484554484,Apple
103,121.00837122371865,222.43276233182166,Apple
104,125.25648101644381,172.37275062468518,Apple
105,101.99108579349941,156.34804898898912,Apple
106,136.57846181298981,155.45018567294696,Apple
107,106.1751771957223,152.12487589905413,Apple
108,121.85906075486238,142.06039667008298,Apple
109,133.22675612629587,144.71571930013334,Apple
110,150.53271107193822,161.38885865758377,Apple
111,142.10793987501884,195.64438855734696,Apple
112,120.99460980320472,159.65557110840257,Apple
113,124.29342397214471,196.56330843210455,Apple
114,104.2068717036167,174.29732043433043,Apple
115,118.1292860148623,198.48104385879003,Apple
116,111.86266638434866,199.95093595448867,Apple
117,115.06559250659427,167.5855537639168,Apple
118,104.54797904570248,168.48386120979242,Apple
119,106.5193757543525,201.96584788408757,Apple
120,105.51658555404454,176.44893606420996,Apple
121,139.64182969164142,192.55217924926524,Apple
122,111.36027055334307,174.04297586602507,Apple
123,130.64733666755387,181.6765565550846,Apple
124,143.25228181400584,175.8426907970604,Apple
125,111.64135546810944,206.19338513973287,Apple
126,118.73234246967324,177.1478703238365,Apple
127,128.99845670796824,179.74057993416574,Apple
128,109.48214876068401,173.33965554322208,Apple
129,113.22511296880518,160.84569977676506,Apple
130,116.76946743370078,192.71853614472772,Apple
131,133.40951198812044,173.62257733561194,Apple
132,123.92196722769197,177.29732473796471,Apple
133,130.35623284245952,168.30583304130155,Apple
134,104.36415770566587,176.38060980288833,Apple
135,132.16725548021546,183.39784302239735,Apple
136,122.14430743028848,156.1923066637902,Apple
137,128.63158497008476,196.73754172639792,Apple
138,141.85791694319568,174.69183011453552,Apple
139,115.1571477040317,169.65775543260372,Apple
140,114.34415571178774,163.83479568216546,Apple
141,127.84258966345075,189.7275380123947,Apple
142,130.51643945806947,171.13323153360548,Apple
143,121.4344462494857,158.3040791670063,Apple
144,128.81853768010407,182.14793581223262,Apple
145,128.63704585270244,184.2762165224449,Apple
146,128.10213728108963,162.99613344082846,Apple
147,108.77947949866316,181.17980362459417,Apple
148,115.71970653127069,198.99118718850133,Apple
149,135.4756515052065,192.43238980616857,Apple
150,129.8267339681087,162.7586227599147,Apple
151,125.92511580070772,145.1743516074311,Apple
152,131.5970702858907,183.46667828201106,Apple
153,127.9530158620661,160.51027434873973,Apple
154,116.89749019638894,162.16677231732294,Apple
155,123.06759381985405,179.83811075646935,Apple
156,101.96652915183594,182.29142420801605,Apple
157,119.86413711313409,171.36447831692595,Apple
158,134.80914543884242,171.1814439447653,Apple
159,149.81032346878948,166.6303529138582,Apple
160,118.73219024731085,157.65704412215132,Apple
161,123.21741008092498,172.81169437421903,Apple
162,137.29728096265112,164.76750791913486,Apple
163,119.12431504299184,191.75455164388828,Apple
164,140.72100507336228,176.15230444051318,Apple
165,127.62051764218783,184.5890859917482,Apple
166,123.19154643595826,157.85188945829324,Apple
167,139.96085282645717,183.6486546261467,Apple
168,126.8325467613561,154.48091594129977,Apple
169,147.89529566321684,157.8243062600272,Apple
170,131.8449938488103,174.3502195073711,Apple
171,140.16798147367052,182.19527497467686,Apple
172,123.91271549660966,179.6926428676303,Apple
173,127.05237015726885,196.1675292896213,Apple
174,123.84267033088643,164.55330187942556,Apple
175,115.03787526175842,195.10183190100852,Apple
176,113.17678858282751,169.787577816475,Apple
177,130.31719750143003,157.38703476418794,Apple
178,129.4272330082126,172.11106386303834,Apple
179,117.74166221078563,194.86426589974621,Apple
180,120.98863539180627,173.13615868385585,Apple
181,126.43825645986206,174.20964107604595,Apple
182,119.67067134177968,161.45743453375798,Apple
183,125.88796749186623,164.36036389577956,Apple
184,148.9586948562416,188.94927295983513,Apple
185,150.2762471177414,156.87251878685746,Apple
186,117.96112749427911,170.50402424226937,Apple
187,107.38764959316907,178.32585362750947,Apple
188,127.27605618789423,173.54097029662813,Apple
189,137.26252967963347,171.10491978077454,Apple
190,138.02290577823237,187.64504177352492,Apple
191,118.63255520539319,178.9581452435378,Apple
192,129.97692691768933,173.784434762018,Apple
193,115.88053587358495,179.57952991056985,Apple
194,137.01049319987916,194.90587032448386,Apple
195,133.08353817596222,174.75289619512438,Apple
196,112.99421826424607,156.73523476926326,Apple
197,140.8388640666355,178.55107530577249,Apple
198,141.76564509623853,162.71421937911785,Apple
199,104.68008152986326,151.28938970759907,Apple
200,134.3670720996172,153.88971987114755,Apple
201,126.5502269752928,198.51032354623095,Apple
202,119.98937613347678,189.43112279247782,Apple
203,123.95719308608976,166.04255919461104,Apple
204,144.27094800309115,146.03343991656487,Apple
205,140.85381009514074,157.7683046919311,Apple
206,128.63565670174563,163.62193678590768,Apple
207,121.54867434302128,164.70288207110667,Apple
208,126.23873861685135,187.3670226426512,Apple
209,118.41653898501387,171.50616294213862,Apple
210,115.5315741963023,193.28357707448254,Apple
211,128.21574337917184,168.15168217230428,Apple
212,120.09796657849883,155.44968671412232,Apple
213,129.1421281024724,208.5687030511824,Apple
214,149.83787032177204,175.45772193132464,Apple
215,116.14767129423738,142.56407223619345,Apple
216,130.63698834140175,162.92644469743854,Apple
217,140.58442367951142,142.9363961127862,Apple
218,118.12070537358493,176.50169170297028,Apple
219,134.20060599237135,163.4885967098159,Apple
220,116.53468188111913,170.6491056456192,Apple
221,136.41760013901285,163.862733130717,Apple
222,132.26930426832635,163.52490620189872,Apple
223,111.27932786009283,194.9435558233818,Apple
224,135.38554795854486,170.5859502132891,Apple
225,123.24614110508246,149.28365290012636,Apple
226,109.34366439164953,165.0337967830686,Apple
227,119.20768480899048,157.23560186349283,Apple
228,131.73561054251195,173.12534953241448,Apple
229,122.57430917127593,173.4319076968692,Apple
230,123.93761257450564,198.05983211032918,Apple
231,124.92339395804406,139.79491367527532,Apple
232,126.4888135283257,213.06882384968569,Apple
233,111.61522348266517,189.5511948466118,Apple
234,108.85761059537836,189.47373802708208,Apple
235,126.80623742039772,175.71507069993459,Apple
236,103.76381878779968,161.10885545095402,Apple
237,110.4829576813164,176.63926220494278,Apple
238,134.88890240017312,155.1246040142991,Apple
239,121.43071635639534,176.36190729267793,Apple
240,130.4313611300267,172.21582484246898,Apple
241,123.9661636338259,187.58016089501302,Apple
242,115.73460088155552,165.79516324255113,Apple
243,131.13154998233443,170.03551528611249,Apple
244,117.02489569682987,152.5502587942044,Apple
245,144.9388721684803,187.4655790524102,Apple
246,126.96954233345818,178.74997193459515,Apple
247,116.66730973611371,179.76389308538637,Apple
248,120.88201364043546,180.834211684799,Apple
249,126.12891367317728,169.1327118654297,Apple
250,147.80718010624102,195.11989444959437,Apple
251,118.27699583751964,182.0085967222184,Apple
252,130.0230085167133,173.23089955758172,Apple
253,130.17719146347017,173.17484558800982,Apple
254,114.11294701431683,163.8304392140989,Apple
255,117.31857732416246,199.61174023730717,Apple
256,134.49581999401553,166.13688244316378,Apple
257,136.5758649569441,180.49634359262262,Apple
258,113.98994187496206,181.60266832061203,Apple
259,122.73517380170846,151.0326334278876,Apple
260,129.7874978788866,167.83138721596507,Apple
261,124.15040009279903,188.79732778722607,Apple
262,128.94632755396694,177.22489181186026,Apple
263,121.99129862729534,158.07968808860994,Apple
264,108.24970773120555,131.71607963170035,Apple
265,127.3681367720516,169.66293965456273,Apple
266,138.4814155046473,163.89618560653565,Apple
267,121.9971077490516,192.90436469852008,Apple
268,112.83038741902186,194.2895934112928,Apple
269,118.45294168346393,166.83260646465672,Apple
270,132.95238059146686,202.76126010099347,Apple
271,117.65227034193047,187.83567558044473,Apple
272,147.66482519044172,164.06592992726462,Apple
273,100.64426716877645,192.43231573808575,Apple
274,143.13626578696255,163.08966378539364,Apple
275,131.18923003943883,171.5089916320482,Apple
276,130.60450493384022,192.0920368305517,Apple
277,124.47068947118939,144.90975607205536,Apple
278,131.45236225945573,172.09014657421105,Apple
279,116.11584959718077,160.90407719926782,Apple
280,140.10860156152484,166.70307491966835,Apple
281,126.0403946091647,164.57076766657207,Apple
282,133.97480417249054,180.95737831784547,Apple
283,114.16394219953013,185.0291928947819,Apple
284,133.79868284803962,192.9616420830765,Apple
285,97.69567776865543,189.85715684487056,Apple
286,127.02547564416737,172.40885506545123,Apple
287,117.86945528998729,181.4281806609358,Apple
288,136.04675391527843,175.01350655082913,Apple
289,121.28031893691958,176.1221090408474,Apple
290,120.90710630261206,167.29939560136816,Apple
291,137.42558105381602,187.51695164906258,Apple
292,105.86055957244321,160.21700768198147,Apple
293,131.04961690185323,171.52389613495401,Apple
294,103.41543246843389,173.05944499595685,Apple
295,149.14139114652465,181.11845117610434,Apple
296,135.14396212850684,162.6714868450109,Apple
297,132.79471320124597,167.17213538051303,Apple
298,108.12452613771447,197.64182026402761,Apple
299,130.20097170656268,181.721456668562,Apple
300,131.421275637579,149.6133992072719,Apple
301,131.21550969521235,153.71930777336064,Apple
302,126.9983702231718,174.11521917359318,Apple
303,128.64920352090516,194.31919166131698,Apple
304,120.07890677482727,181.41606925026687,Apple
305,129.27694935836263,159.88429808133347,Apple
306,113.99201644487432,169.1176931170009,Apple
307,129.59474932678188,167.72421041501616,Apple
308,147.9983534847498,146.3180024141201,Apple
309,139.81444709432876,175.46681116227947,Apple
310,133.88592626874794,175.67497616864526,Apple
311,126.72747116404,194.59670877720822,Apple
312,123.22177126474233,203.97274533075813,Apple
313,116.44757383157878,158.03619564098867,Apple
314,149.6786412026667,155.88376105093568,Apple
315,125.00497148507706,178.93204395130434,Apple
316,125.00060928636451,194.00708351069255,Apple
317,127.12625320655222,171.69491452810846,Apple
318,126.26126500204802,184.6942307139684,Apple
319,145.84128860451725,170.24276402721213,Apple
320,131.26232688091588,180.99415791217103,Apple
321,150.8133111397496,163.7574526162599,Apple
322,123.86869538445377,165.5681311655275,Apple
323,104.35067143681474,141.764498313168,Apple
324,138.83099570660465,170.665362465495,Apple
325,117.4903641722958,168.5730491696867,Apple
326,129.32246121685193,185.51145472812024,Apple
327,124.8353916372466,181.86172361708063,Apple
328,135.705442154488,164.33724642143716,Apple
329,120.52101416901789,177.32900193553667,Apple
330,129.5607302735114,175.60200753837233,Apple
331,116.24820205639737,177.81830404170069,Apple
332,121.87261277890494,197.46070308842317,Apple
333,120.08410222376158,158.95719001261017,Apple
334,97.5902375924495,174.5190045453494,Apple
335,133.90767604857865,167.4215130743075,Apple
336,136.6009140382842,174.63333229970138,Apple
337,109.642917104055,153.0558151269983,Apple
338,136.01446358629624,192.86535614635872,Apple
339,104.17020600387474,165.82968230405817,Apple
340,119.689632017835,211.84098041031055,Apple
341,117.22308253049869,160.8615035909232,Apple
342,114.91404229049158,176.2870521332603,Apple
343,131.8211662131711,163.06016513534712,Apple
344,126.14990983045512,192.72475028464646,Apple
345,124.62630276937452,188.33297675976786,Apple
346,130.4324669221628,179.9724572260032,Apple
347,129.44604416578886,169.63535838827354,Apple
348,117.77926823128709,182.4880972190093,Apple
349,111.28663728485823,156.17543334776735,Apple
350,125.5235247792858,185.62353150839297,Apple
351,133.4272973273544,202.82988692241847,Apple
352,117.76011140591632,168.6058807061602,Apple
353,115.56131847409418,168.51382213096704,Apple
354,138.22212670240813,181.93723122067667,Apple
355,108.54953859494616,191.30923403699734,Apple
356,134.05449344951785,184.59565528458913,Apple
357,131.45382289060836,184.98123071177244,Apple
358,142.15506413153815,164.85557957042042,Apple
359,105.7273345766164,190.46612186139632,Apple
360,146.02875070195606,160.3123722035297,Apple
361,127.85103139669563,156.62121542110035,Apple
362,133.51579791977872,178.89910297323007,Apple
363,113.45230812400786,183.351249214664,Apple
364,111.71251966694413,172.59175676314638,Apple
365,125.01658614919506,169.41337636664352,Apple
366,134.6411472965688,193.05596411661125,Apple
367,133.50146761552824,196.4931062108498,Apple
368,113.27261580621132,200.3065010606307,Apple
369,146.609455493893,178.87754447029934,Apple
370,107.05647182699587,166.66490095182144,Apple
371,120.50164022599284,175.3117799789693,Apple
372,110.9078823863837,211.48920112376362,Apple
373,135.1759557384807,214.5750025582688,Apple
374,131.4124756522313,178.94781336002168,Apple
375,136.33484629905988,159.96606322476515,Apple
376,121.73308482290744,186.4443492951696,Apple
377,140.01878614230543,146.75421231484538,Apple
378,133.61737246169452,185.89346076110897,Apple
379,126.85767459678304,159.54656167424184,Apple
380,128.2645555211026,192.5910843260911,Apple
381,126.94420070124744,204.34237997041245,Apple
382,104.35323221743784,147.34858622497617,Apple
383,100.48270048612784,184.00072816276187,Apple
384,127.40146007026493,184.1348115449393,Apple
385,108.55688416556015,179.43250729943824,Apple
386,125.78755471953228,172.13718764812367,Apple
387,113.8111945899826,157.00370812026466,Apple
388,132.86154336232005,182.98531289278995,Apple
389,123.28990623427391,197.01670937595176,Apple
390,132.80482151987633,194.6166836575893,Apple
391,112.46245733747973,146.83984167374155,Apple
392,122.68279525600528,181.80610637578218,Apple
393,110.65856715731235,184.1670659024765,Apple
394,114.86553321944909,153.13732866717598,Apple
395,101.04427714724542,158.93286512734815,Apple
396,117.73083022501865,180.06053641093828,Apple
397,128.01830404390785,170.33330980090508,Apple
398,113.37190867804497,175.2304702974292,Apple
399,116.5109832224171,165.76184676183692,Apple
400,128.58749373997452,164.6880222419376,Apple
401,136.96064065188196,204.90417835706978,Apple
402,133.992265217542,185.53617229344567,Apple
403,132.89124841449083,159.9021340632363,Apple
404,124.08931320722756,164.54734538891688,Apple
405,113.71480401443883,184.57470278476708,Apple
406,104.51331723317908,149.0855180184664,Apple
407,117.72121927049629,174.78702442010646,Apple
408,125.05223586498602,191.12863593331184,Apple
409,113.02935701365811,162.2405260006448,Apple
410,139.01115558879974,191.50092759275785,Apple
411,142.82815909317014,174.06060661329224,Apple
412,132.77328238835563,158.77436800920242,Apple
413,123.09710569143238,161.61100810207247,Apple
414,112.29277979534692,172.41509393701477,Apple
415,133.7261085374665,159.55690867305205,Apple
416,122.21506838660389,182.97562497204646,Apple
417,133.66379380489116,213.8519537925357,Apple
418,144.56929185735964,142.394335671299,Apple
419,129.2438404936859,149.0807064445349,Apple
420,114.2370723461721,174.44867601635997,Apple
421,114.33156728025817,154.1338013933517,Apple
422,129.65782965408204,200.2372651030211,Apple
423,115.83168882889169,189.60090377954458,Apple
424,117.79342541026088,163.97657484499555,Apple
425,154.700955694686,160.3225677726848,Apple
426,145.64595873596554,149.83819085076158,Apple
427,124.56730661822719,191.53239084512873,Apple
428,126.03152357704978,157.08389656529928,Apple
429,108.3299994923937,143.8496853743165,Apple
430,119.56345273369635,189.96087556092348,Apple
431,103.76354297247508,162.49785877934792,Apple
432,108.73321173986947,162.1394549673174,Apple
433,123.57676954405018,187.75634161105958,Apple
434,101.0963764350575,141.29441746185114,Apple
435,128.79228712272436,158.09768738197207,Apple
436,136.49178281239142,174.26450395368758,Apple
437,119.6749259931745,184.2882251262763,Apple
438,124.19085347060309,191.24192455851392,Apple
439,95.53515129590778,194.69193220287772,Apple
440,127.23798973527684,152.11182930061,Apple
441,96.21946813335413,164.73136882745868,Apple
442,116.51787506812802,182.8088437504456,Apple
443,130.91477167023984,186.728103116712,Apple
444,115.52028265358035,210.81161611952646,Apple
445,93.33419957647979,165.79155981273442,Apple
446,139.98018572746852,174.65852242312573,Apple
447,128.14067053652875,135.14087165938912,Apple
448,114.32610049814596,133.78969157638025,Apple
449,101.06944701316435,160.91231699603384,Apple
450,127.32099047118693,189.9378234593561,Apple
451,121.95366594808482,172.7746986053232,Apple
452,113.96432906490422,180.54815122304447,Apple
453,151.13383965782424,182.04179793179702,Apple
454,96.59559006547805,170.29682966925742,Apple
455,110.09268104501126,149.7009328171976,Apple
456,140.11171661231845,194.84560312877434,Apple
457,145.17665704182787,156.00619260352588,Apple
458,114.85688389734891,177.4301718084484,Apple
459,139.58925657407596,189.34135119303446,Apple
460,116.60711472021787,172.69056459975906,Apple
461,131.6430084023487,157.84924907573276,Apple
462,111.86881664264541,160.1186764588041,Apple
463,138.95478734668893,197.15212892704338,Apple
464,137.44839513353537,213.95272483847367,Apple
465,138.96890249015746,187.74058564292145,Apple
466,149.35756810164798,188.944918201107,Apple
467,124.70219524763273,161.01498179207198,Apple
468,136.08358759797008,161.98355885681872,Apple
469,120.87577681007858,168.2763967761923,Apple
470,117.01938686487526,160.85047524352038,Apple
471,115.38240239838595,164.67916736618267,Apple
472,116.09634513553921,155.28589588553513,Apple
473,130.90261136840076,161.56590985430688,Apple
474,104.00707131152896,213.30946169325688,Apple
475,114.47724442720623,171.4129814362791,Apple
476,140.4159668538681,191.34544479176307,Apple
477,124.38196055973663,190.4243261234049,Apple
478,150.7653177504008,184.781725389379,Apple
479,130.69508872229835,154.44852762192207,Apple
480,135.04941749052415,193.79471681460387,Apple
481,119.18154717232593,161.6711752403553,Apple
482,129.5767244938014,183.8301432977304,Apple
483,125.09995244018378,178.05667799787523,Apple
484,118.22635939087807,206.8517226819735,Apple
485,116.23657645125009,160.0547030260683,Apple
486,139.67175862039926,152.67517535525192,Apple
487,122.43176872549374,192.56952638114572,Apple
488,124.8551608069586,155.5374113136633,Apple
489,108.63053418906982,157.11796718872722,Apple
490,136.40459344022207,184.27281149473677,Apple
491,112.97665450443965,162.16995692385376,Apple
492,116.40762683707047,190.1504465949458,Apple
493,128.44341091676134,159.1067955805536,Apple
494,120.75225594081621,179.6117561097482,Apple
495,119.708285585423,178.50005836467318,Apple
496,128.748785019215,147.63695031972807,Apple
497,104.35634074711143,180.99735399785467,Apple
498,123.12674392970584,195.53662877326397,Apple
499,131.14570075078126,169.20322379094313,Apple
500,141.72001493366227,180.40118199107462,Apple
501,133.3870032902414,182.50740946478103,Apple
502,133.1737987222108,179.47713477714385,Apple
503,131.42120267785282,188.1716466100786,Apple
504,118.56244758403037,181.22724147193867,Apple
505,134.96894577119193,178.12466735186226,Apple
506,139.17116125764318,154.18907371053547,Apple
507,125.6779241902684,166.51488544538552,Apple
508,147.9307051377249,184.4057890510889,Apple
509,145.49426116631477,183.29799708784992,Apple
510,116.77592461976012,165.8272598728454,Apple
511,99.10403970665384,180.72405583088133,Apple
512,117.05650674006579,178.17132765348344,Apple
513,108.77215685495895,175.5777520051878,Apple
514,113.91815001288076,173.8925220605907,Apple
515,143.3731401494075,150.72119343883733,Apple
516,147.75496828228881,199.2670817986287,Apple
517,131.43407534879273,157.04977252867562,Apple
518,117.62392066906263,164.12330590978783,Apple
519,102.80418794963677,221.2087460441931,Apple
520,115.18128149845693,198.04249713129394,Apple
521,133.4208294850306,151.15337338800003,Apple
522,128.65708250460978,169.1389714341762,Apple
523,104.05380469212182,181.19996666003283,Apple
524,109.6475561809192,200.23889931063576,Apple
525,116.72307085336425,202.36464971835971,Apple
526,130.15483328514492,185.64219243932135,Apple
527,132.0851744852601,189.23933875625428,Apple
528,127.36752418233851,193.9807913076705,Apple
529,121.47125328198885,187.85857938862884,Apple
530,109.32256092809516,172.50712348062356,Apple
531,132.70801990861577,160.14549458094424,Apple
532,126.17626516717496,185.04117954547814,Apple
533,138.11719978565856,203.66918584169355,Apple
534,116.79103652141374,178.79892287059636,Apple
535,129.8064119098458,173.13032176844038,Apple
536,120.9941910547697,144.7170695257641,Apple
537,117.63751306992641,155.96916464893138,Apple
538,115.78581937879365,141.96970860030743,Apple
539,141.62933156757805,186.68025424698325,Apple
540,129.88378391115504,198.58518818488903,Apple
541,123.12520811435013,202.66190040741068,Apple
542,112.38464382047191,169.98012266626574,Apple
543,133.90086243820673,175.10017953647008,Apple
544,129.7551833634839,164.1103009543214,Apple
545,135.15791986999406,171.3472577124507,Apple
546,105.5113440857678,168.87895847280438,Apple
547,118.93236610973143,162.80444822525928,Apple
548,140.0214735994035,183.55083269166326,Apple
549,127.75742371368999,199.43381245829985,Apple
550,125.63976056197053,189.86124674625557,Apple
551,116.53500015922226,152.74649968304973,Apple
552,134.99676144704358,189.41888848476012,Apple
553,128.81382151895252,168.63057432488927,Apple
554,140.5036512992707,158.70843633818558,Apple
555,115.2883927827612,168.2975470873928,Apple
556,125.64216536162827,148.99341064017042,Apple
557,105.7176663673924,193.42099912097066,Apple
558,147.52474807274194,191.9935440213324,Apple
559,129.26681319342308,204.9841257732534,Apple
560,127.47794478080674,165.05715793049515,Apple
561,133.02701253535668,166.222676887446,Apple
562,121.33979802793043,160.52318285615416,Apple
563,121.90506470029904,166.0952373675318,Apple
564,107.3584012207699,149.47543021734458,Apple
565,137.8163764328081,166.39895068499715,Apple
566,123.40351155884046,176.2194689158807,Apple
567,114.19446665434448,163.744712151025,Apple
568,130.60935525141744,180.72506300454614,Apple
569,113.3982919398396,178.97852044227307,Apple
570,107.66396574909982,168.83156254449372,Apple
571,117.0484830706596,146.56034127235196,Apple
572,138.39836552140665,180.52521780255972,Apple
573,146.3544934998782,174.8249737828667,Apple
574,141.1052308355255,193.14053433425187,Apple
575,100.28715669011795,182.4959788148484,Apple
576,114.15171679981079,174.45515180362065,Apple
577,106.16281767135972,182.72921930677646,Apple
578,121.81962829441851,183.1357360529741,Apple
579,130.06876367664478,150.686431462325,Apple
580,127.02513777167829,198.78526027452762,Apple
581,127.76359768203604,176.82889901214003,Apple
582,114.41656525632014,156.96357303693222,Apple
583,124.67690030068611,195.7273038563849,Apple
584,103.66186988190047,191.22491220007186,Apple
585,131.0549270364648,172.71357768220176,Apple
586,118.78285115889048,189.97037971131522,Apple
587,133.10850935603648,198.9153920148072,Apple
588,121.96751867946881,178.26159860260273,Apple
589,157.8983549161917,151.41479718291623,Apple
590,114.72959280508303,166.03574054298332,Apple
591,134.20506585175383,201.9532625227277,Apple
592,134.32480294302323,157.36799723796517,Apple
593,141.64012841852193,194.74455210559458,Apple
594,130.80786513601137,168.3804126008696,Apple
595,123.46449147139126,185.4778767602558,Apple
596,148.65017430088008,167.79483035685155,Apple
597,119.60278671156723,158.42090669685936,Apple
598,121.5606266152933,170.68090439448125,Apple
599,119.17074463866942,177.94948909996813,Apple
600,129.6677663105254,175.80881373114468,Apple
601,128.85468766206694,167.0798927804517,Apple
602,132.47702259592182,165.66874365445364,Apple
603,129.62313517417263,168.4203835311182,Apple
604,110.9882127963888,189.65473034688503,Apple
605,133.92961911102861,192.25701771076524,Apple
606,139.55951649790651,188.3812298685071,Apple
607,110.05817199426451,197.64474724025695,Apple
608,111.63439838795611,157.92337795972247,Apple
609,131.78786601711394,196.49196218134904,Apple
610,154.74735065685633,153.59431579798985,Apple
611,106.67318803242729,172.6602743357165,Apple
612,132.0885558492065,198.73825750506836,Apple
613,133.83325152962044,170.8155885307452,Apple
614,138.75402508726467,169.99804990023762,Apple
615,115.93858350166443,189.30587027726676,Apple
616,99.81404461878026,213.94359921153287,Apple
617,116.91892933769459,155.79202677691413,Apple
618,137.2418625020776,174.48783942790547,Apple
619,118.75681853012304,203.87685318372945,Apple
620,134.92332698967905,168.483549723119,Apple
621,102.53378836442798,176.29801678997137,Apple
622,132.57185985167246,141.55996762683566,Apple
623,105.78817452158245,176.4192042444704,Apple
624,117.36825717564645,196.24985183596664,Apple
625,119.83633728625546,165.9198936173797,Apple
626,123.80901479687036,149.84434916649295,Apple
627,128.01525734417078,176.5730551827449,Apple
628,107.06869041791337,165.3439755337964,Apple
629,122.21603169189267,172.05334530529333,Apple
630,138.02200759535117,198.86193374660343,Apple
631,116.21805556666033,182.1295770061786,Apple
632,116.15409055458888,161.9168579488787,Apple
633,119.6961004861492,163.26838726223468,Apple
634,129.84289037037664,173.28193586159165,Apple
635,148.07498409695197,162.7025725298819,Apple
636,119.64457433644415,191.80785118684992,Apple
637,124.60215803099777,166.87060241809203,Apple
638,109.59472622958982,173.4552773399286,Apple
639,131.72715651810736,187.73647794783147,Apple
640,100.15156217399624,188.29297602723412,Apple
641,143.34378914557874,183.30966833558597,Apple
642,109.02270154756735,204.73331436298292,Apple
643,127.29668377761205,182.76323432318014,Apple
644,135.6975762752153,143.16349313094116,Apple
645,118.20375909721756,163.7060245545632,Apple
646,121.78952937123904,166.31023811393092,Apple
647,123.30261567287221,176.30241630939992,Apple
648,124.54071262698633,165.41966506468586,Apple
649,120.22497454623598,175.06112887333836,Apple
650,134.957652785226,161.8345674206705,Apple
651,110.49361158888534,149.5059174875041,Apple
652,117.37918203850828,147.64902661817763,Apple
653,104.26159352259894,180.86108497926722,Apple
654,138.26444686044783,151.2305125768206,Apple
655,131.98806997614818,166.63906382017302,Apple
656,129.9598479099229,187.61029800046663,Apple
657,126.17110110919099,170.11848860855565,Apple
658,117.05469688220106,191.2882232352519,Apple
659,121.17131704040206,149.31919380696112,Apple
660,125.77295079277742,165.10373622467495,Apple
661,119.75516886223731,183.15398618656334,Apple
662,120.5557110824328,201.17369806162927,Apple
663,127.78518331803922,192.55905398820843,Apple
664,116.61065073379203,171.22413388883604,Apple
665,104.22377915435145,181.72260921434446,Apple
666,127.60753007135963,181.33204809023508,Apple
667,112.1541354838464,189.89863104471533,Apple
668,133.67365619512765,150.41196650144374,Apple
669,124.1642387582215,198.19553854771928,Apple
670,131.42269490852408,174.07833397933146,Apple
671,123.10614632764779,196.43840166025404,Apple
672,114.03160246211031,206.88149827183994,Apple
673,99.7529067962015,175.4414554867694,Apple
674,120.18613106306096,166.30714651457308,Apple
675,118.36275928846001,184.91311373728936,Apple
676,125.5194609714629,170.08873066001905,Apple
677,148.38705154996526,164.01778663415027,Apple
678,123.13666213890657,173.08600062831198,Apple
679,118.6859798851932,196.00142005347564,Apple
680,116.00764883278336,167.9018999536966,Apple
681,123.61063893632739,174.02774057555337,Apple
682,137.20983671549925,169.90541326606657,Apple
683,119.93677059640996,164.8134106781999,Apple
684,117.30070051366845,170.13342016130744,Apple
685,94.88349314440723,177.67078196271103,Apple
686,127.04172093895691,188.31462421965207,Apple
687,120.95236494527322,190.61874021292408,Apple
688,115.50397192573013,162.4142475084947,Apple
689,133.66417672884182,166.65915232697904,Apple
690,131.4097492640857,158.68489097764382,Apple
691,105.1253752194219,165.14240817142436,Apple
692,135.11526015716134,199.5154763336916,Apple
693,97.03867997317178,163.0046700312474,Apple
694,132.81629798748907,191.76904968320252,Apple
695,137.64541521074253,175.27051733307036,Apple
696,128.22772006728115,198.91526788473053,Apple
697,134.20383378457882,173.61228281684424,Apple
698,132.56486257026592,175.60075013142122,Apple
699,113.57515257769761,176.52851178069199,Apple
700,114.6718320216356,186.0057218967424,Apple
701,120.59917264904054,148.11907244903225,Apple
702,110.45302529208465,184.27235822895247,Apple
703,139.36897584556317,181.75638333729665,Apple
704,140.25822459794801,157.41918956217225,Apple
705,128.257192919954,180.42100070355525,Apple
706,116.58930199371406,185.11493868354455,Apple
707,130.5873570523449,178.2800586935266,Apple
708,110.87893580490649,166.43666736973057,Apple
709,138.26378234244322,210.2107168097875,Apple
710,137.1051489012724,171.828597599901,Apple
711,139.9364529336411,167.29740266177163,Apple
712,106.65910372561791,183.5528890830653,Apple
713,123.28626889924413,208.8075256782498,Apple
714,127.79252361579124,181.18803787249357,Apple
715,108.4703848192049,181.1928830271296,Apple
716,135.3107789666626,177.1583456688621,Apple
717,131.64208739201112,158.21563966969467,Apple
718,113.70401223248489,203.50233860225669,Apple
719,129.81843181762335,206.07473284889753,Apple
720,130.26957400595626,174.07380358580696,Apple
721,126.55805320758336,201.01422255089057,Apple
722,130.54263209769934,152.35627767631044,Apple
723,129.53482575776897,167.73738436006101,Apple
724,131.10870673303384,192.43689759211955,Apple
725,125.77645078365002,174.45700097040893,Apple
726,145.15979859323772,181.4449567682062,Apple
727,124.15610073135973,200.51581511364458,Apple
728,114.3336971961564,194.02668413332108,Apple
729,113.0912047181276,146.67615533657494,Apple
730,135.73681693528098,192.83230942613838,Apple
731,137.03320863938922,171.54953243627352,Apple
732,129.59606078682756,196.52900404221157,Apple
733,117.39151304198157,164.7940496681737,Apple
734,129.89912405468533,183.42732600392918,Apple
735,126.41358569005575,189.86953813025193,Apple
736,111.87111047798533,182.09659526228853,Apple
737,129.86635219286404,163.96308127239269,Apple
738,136.7926865215776,172.10059541177154,Apple
739,128.37221733058493,167.98286720554077,Apple
740,117.62927202081644,187.50186187207612,Apple
741,102.18831454946942,170.54751043400006,Apple
742,122.64960422977356,191.3125631095848,Apple
743,126.15505246722535,163.60838898217864,Apple
744,139.07431274847704,178.67777405377515,Apple
745,134.87856729549796,154.8185063735536,Apple
746,112.72922899819632,201.57067476045927,Apple
747,108.06980464581918,160.88389300069173,Apple
748,129.25423763505336,154.95064995935033,Apple
749,134.10926766030005,201.8539265283644,Apple
750,126.03218683314363,169.38223575311804,Apple
751,110.18217122182828,187.05930364834444,Apple
752,108.36331122928047,173.58881747259247,Apple
753,132.21665232859283,153.31662259664927,Apple
754,109.0941805937374,163.89532556014956,Apple
755,112.91487536171192,181.0946191200576,Apple
756,128.5588565605954,209.27954678664065,Apple
757,116.92735199666139,191.60501823437963,Apple
758,114.15572262465658,195.849198503143,Apple
759,132.32346042069307,195.7414689537359,Apple
760,119.75044775302483,185.33163979649953,Apple
761,130.2184880564246,180.61551912736627,Apple
762,126.0630678448568,190.15640039098977,Apple
763,122.21018312872252,197.48333381168277,Apple
764,107.14914374926497,204.56066219155178,Apple
765,130.86614736629267,202.1094281187355,Apple
766,105.00613688568981,208.10959186868348,Apple
767,132.61708779750543,167.44982583243743,Apple
768,118.88979283560282,169.91646490397824,Apple
769,124.73698906295346,155.20181184213942,Apple
770,125.74644522529448,162.25572514107222,Apple
771,126.16924773002772,174.44015352847842,Apple
772,126.6466780778419,177.8977176784991,Apple
773,128.69182670514672,175.27925092903652,Apple
774,124.85498154300537,171.29560469325912,Apple
775,142.00367529841333,183.06598602460943,Apple
776,128.5952218656093,184.03133433857147,Apple
777,117.73490241501337,171.58296424965232,Apple
778,121.1813851034275,150.60182317663177,Apple
779,149.2074503029037,165.97885593308,Apple
780,117.37429066356145,189.32852349069404,Apple
781,131.1298564766242,158.46079095180963,Apple
782,123.1809517957033,179.80227296271408,Apple
783,143.3796306542013,135.63855586492923,Apple
784,128.23293374297216,165.7691696239077,Apple
785,125.66066119373585,176.95020221040306,Apple
786,131.10420693765622,179.64984716105064,Apple
787,126.62354297800472,173.9598250918329,Apple
788,118.05234382606989,175.16170660681303,Apple
789,128.22257728618277,177.72155873560268,Apple
790,125.04045093586461,153.9260095922303,Apple
791,126.23539252131218,177.03260077401598,Apple
792,129.0210836737986,180.37323539871218,Apple
793,123.36026143866282,173.68075384097557,Apple
794,129.20231870847297,163.83016948591694,Apple
795,123.06146914247405,178.888247415445,Apple
796,119.5422788503705,196.52048340238537,Apple
797,104.17707192882214,182.88487570193757,Apple
798,131.34931192045372,225.10838568378603,Apple
799,138.90090672085756,180.74375969828978,Apple
800,129.41985419700796,170.9852743227448,Apple
801,147.71290130172582,158.02706662038923,Apple
802,119.17406528268722,174.9629539323302,Apple
803,119.52166100360282,161.16927096155823,Apple
804,117.73166819877778,164.10876680957665,Apple
805,120.09503421007383,179.65275032461727,Apple
806,118.5652096417345,193.2009899177029,Apple
807,125.60184704386843,156.03293141828473,Apple
808,132.22151363420488,165.16111180292498,Apple
809,136.15622013304275,169.32070878005362,Apple
810,123.82422663102658,167.60960827523616,Apple
811,123.72149229969602,191.35067915212113,Apple
812,132.4990447683713,187.3675571129273,Apple
813,116.8007740268465,160.29327684717836,Apple
814,130.08983463433123,194.1692710435507,Apple
815,128.3854597137656,160.15972822732155,Apple
816,134.41805345619875,167.7842282549291,Apple
817,149.63366063645935,161.02152972002253,Apple
818,142.48031117087692,148.88632935063566,Apple
819,139.66754312146176,149.10262115743214,Apple
820,141.6524048882084,185.6888731695167,Apple
821,144.5997164454202,134.79014537988957,Apple
822,125.49284437600262,178.97766643006312,Apple
823,131.50053173544455,163.4921537942374,Apple
824,134.39859790738674,181.89834809454013,Apple
825,131.63443506106412,192.45253080411092,Apple
826,121.41324158663599,187.42367920454043,Apple
827,128.89341314239562,174.29119171181947,Apple
828,134.19297067362916,160.50029758135489,Apple
829,136.44136504245822,184.10374512628476,Apple
830,118.38305952046647,181.4938624185959,Apple
831,164.83955002411648,184.5764657940282,Apple
832,133.75707102875177,198.11073287191905,Apple
833,127.54950939828097,193.69210348210166,Apple
834,120.4842640749998,165.14924948890328,Apple
835,113.0966429897868,203.1782667130912,Apple
836,132.6015714009155,195.52438030109,Apple
837,122.58469758163271,188.85435529279667,Apple
838,100.10557981997596,142.9650782111893,Apple
839,128.3203198201953,204.77355227907734,Apple
840,121.7561992019122,167.19745298246391,Apple
841,133.65939226284627,182.00810638806243,Apple
842,129.99553211338522,191.0372243995574,Apple
843,135.021525339505,167.3181521998946,Apple
844,129.28974791996202,164.30558090799315,Apple
845,110.26502242494033,183.38541580439238,Apple
846,137.9531899639424,169.43031602434135,Apple
847,130.79894944838912,164.8771163334533,Apple
848,107.94999389759195,163.220445040765,Apple
849,125.69431367000337,189.7282225831882,Apple
850,117.43384727210284,157.07978788180688,Apple
851,122.78564970373209,154.50506073880086,Apple
852,121.56730455653376,166.0226938384399,Apple
853,123.66826458712465,169.64148070104355,Apple
854,124.84514518971075,166.87991268957225,Apple
855,130.58512550113977,170.65501842767517,Apple
856,123.76950974191284,147.98058669553558,Apple
857,117.47973916784704,163.08658702379097,Apple
858,118.74634585961853,171.35111555708272,Apple
859,117.24427381156133,149.6190171368979,Apple
860,140.94586265822593,190.01138423008106,Apple
861,123.18170460893846,198.496886644982,Apple
862,126.57093173613298,198.60305872129035,Apple
863,142.19662627015092,159.98498757741427,Apple
864,135.07599724879677,175.64843160056125,Apple
865,126.220372472249,173.92673444176634,Apple
866,116.96704002908703,187.98475952821394,Apple
867,132.3881470690885,162.4532978527468,Apple
868,136.2119397455208,148.9151650536295,Apple
869,132.31612064694338,149.22848765202957,Apple
870,124.19199668121664,192.78988074875897,Apple
871,137.31750503746593,166.4597753985311,Apple
872,119.5596153388203,177.41809711739637,Apple
873,117.53503222301977,162.64532001725436,Apple
874,132.99079598965596,162.43126546310305,Apple
875,134.80748662748098,171.56166235612855,Apple
876,128.81459568176743,199.70647484188302,Apple
877,158.9120266556318,188.03691505575566,Apple
878,132.1535943304906,182.14453505999452,Apple
879,114.96589911272562,185.0890582694095,Apple
880,98.36020602623967,205.57817865077192,Apple
881,136.46752669672378,162.03111713526903,Apple
882,111.85633206599277,180.14844180430447,Apple
883,138.1540747928781,177.01818787165877,Apple
884,113.46066248324861,173.39485285162027,Apple
885,123.27055987846958,166.43049100610236,Apple
886,117.54425536094449,164.7846275228552,Apple
887,144.52368213981939,204.8988079885363,Apple
888,121.86127567059482,163.32157604423352,Apple
889,129.6016748909829,190.29069294125617,Apple
890,128.75355719649542,185.5828181399286,Apple
891,140.32632177307565,187.5777845193318,Apple
892,137.2619958528602,165.52474605118155,Apple
893,120.97457793002422,161.60221130140505,Apple
894,119.63812360856777,157.64191142450974,Apple
895,110.12741111781973,169.17811775368517,Apple
896,110.60250357377667,199.8698900896767,Apple
897,137.09187285009594,191.1234615175283,Apple
898,108.28742198945044,177.5312855369874,Apple
899,134.19350375094564,141.2409453526838,Apple
900,128.82382537869,179.70918411474503,Apple
901,113.70221218794129,184.88123753894578,Apple
902,129.25233057398106,195.45275278100212,Apple
903,127.85579019263038,155.73204190373622,Apple
904,133.71687190215485,183.18088576394334,Apple
905,109.81907970436541,168.72637264878017,Apple
906,134.1783059273649,169.16193222274714,Apple
907,117.7775860099592,193.45522841899225,Apple
908,136.21488780000672,155.6683010139476,Apple
909,116.74531846127415,142.70518115072775,Apple
910,123.09277301186829,195.99050340116344,Apple
911,118.08981663696193,201.25740782187464,Apple
912,131.03154435267587,205.87748007491484,Apple
913,128.17516631761904,173.49155508836958,Apple
914,114.50793735764884,175.27334775279763,Apple
915,127.13316427575982,184.5481527120216,Apple
916,131.70896142171256,196.57637692103384,Apple
917,92.71167559104875,157.0504144511342,Apple
918,131.6099338927347,184.74001477091207,Apple
919,117.57082109393636,186.48464665363616,Apple
920,146.55225285912144,162.42935197324104,Apple
921,136.92049267478492,171.9008221494921,Apple
922,128.46835618014896,163.5275826158889,Apple
923,127.6679442753766,163.30782214630435,Apple
924,125.4796177561685,168.99838822616755,Apple
925,123.30941950492638,163.90360032179595,Apple
926,126.87372829333304,189.5470617464945,Apple
927,116.96924402723349,168.54906596348127,Apple
928,138.41184256703812,169.37989865970738,Apple
929,128.9157440663351,196.39797340260566,Apple
930,137.68340754677496,173.96339844345852,Apple
931,119.08163808832755,177.4811950814117,Apple
932,132.2395254436892,208.63380165411525,Apple
933,124.31113481977513,180.44203249042158,Apple
934,142.7225107184776,190.28669721149373,Apple
935,116.09394233265738,171.13976683073196,Apple
936,123.6931279111884,180.5701377906241,Apple
937,121.43612309137762,173.40072996977491,Apple
938,135.13474797996344,167.77527115564538,Apple
939,128.66579762077896,176.97447858513962,Apple
940,124.7941245692523,201.40288918691033,Apple
941,146.4729148301386,213.22104933633705,Apple
942,124.09405880001164,183.2165426248078,Apple
943,127.21261349569211,152.32325168045932,Apple
944,99.82661056205325,159.20197264520777,Apple
945,104.5343671485338,182.19626535377554,Apple
946,136.32000195793498,162.37422650458572,Apple
947,138.89192989545134,180.19686011101948,Apple
948,133.82100379886097,174.11916615798074,Apple
949,119.56022727064934,154.10411431077011,Apple
950,111.60701647362389,209.75623004584267,Apple
951,132.3086783387723,155.7324306756406,Apple
952,141.11644513508844,171.54121854374918,Apple
953,114.46624747717217,154.13751153364342,Apple
954,103.67372179031668,156.5256536632346,Apple
955,108.62202285548496,163.48897499185244,Apple
956,132.4061683692625,187.9237063919144,Apple
957,100.63339483827231,186.66526805448035,Apple
958,126.82775681571333,165.62177062710424,Apple
959,119.29368843763432,168.0926606761888,Apple
960,97.10417004467875,192.90825915938726,Apple
961,111.76276258344316,179.4684434510816,Apple
962,126.03608273426194,183.10041868215183,Apple
963,120.13099120334644,178.9852584219076,Apple
964,129.11040283429315,172.446439611345,Apple
965,133.5735424182688,191.2648483674289,Apple
966,135.0053425836476,168.95470136402406,Apple
967,135.3426136733278,172.64412577036487,Apple
968,131.69362308989315,178.17968758643138,Apple
969,134.5093918936223,188.116985953184,Apple
970,110.74732429331846,173.00289378913286,Apple
971,138.77069011036247,178.20439774664945,Apple
972,118.51213442362157,173.41030059293672,Apple
973,136.50908814092418,150.04502622133782,Apple
974,146.8593505624236,170.561616705953,Apple
975,123.19818293417647,159.5383909023516,Apple
976,123.9552374842015,123.37797217455588,Apple
977,105.83918719021511,175.5653995584986,Apple
978,120.82086981964699,190.80989202185646,Apple
979,117.50441594283423,160.51572409062462,Apple
980,134.71247704589865,164.80650734049425,Apple
981,133.3292873735978,181.85342497937515,Apple
982,144.70660964581475,197.92408838113545,Apple
983,114.03150439975407,169.34759880152095,Apple
984,107.92772190199636,172.14276933975634,Apple
985,135.99143958207094,178.70863427903618,Apple
986,103.13775355755178,198.30690251430366,Apple
987,143.28207320073068,154.81027535888455,Apple
988,120.77343344387312,164.3668665052784,Apple
989,124.6578900428202,173.53766457415838,Apple
990,129.95187336651418,184.9187298206816,Apple
991,134.34109977113584,203.44329466339593,Apple
992,114.53890977060294,157.8638522647189,Apple
993,128.5509441526943,142.65623914457055,Apple
994,133.94918770719624,179.93154537796497,Apple
995,108.08877771107538,165.48779365667133,Apple
996,121.43339416517216,164.31702874646678,Apple
997,135.54381284912589,148.45360704389196,Apple
998,119.30314400129068,181.2088211589214,Apple
999,138.3972590721325,188.33734748063915,Apple
0,216.9583997171288,230.06959843736746,Orange
1,220.02030173826253,218.91254161671938,Orange
2,180.77994624960348,179.20896356616342,Orange
3,196.19191442133072,167.71892341534266,Orange
4,209.67818752191883,190.8237209095174,Orange
5,203.56623086860938,235.84493608806997,Orange
6,210.12224479790098,207.5169283835118,Orange
7,210.18235803766345,217.58089806835923,Orange
8,248.10686614435906,216.56517015973012,Orange
9,191.1889816639034,250.64241429269904,Orange
10,224.72912834614996,201.90302186088906,Orange
11,242.34574403925996,236.45109336458097,Orange
12,226.90989958449907,209.61344904195394,Orange
13,229.74856902920132,256.8480337371556,Orange
14,253.2359130445879,200.5430246336407,Orange
15,245.9641929640636,247.18874970610707,Orange
16,239.00446253735527,250.55677083976954,Orange
17,226.81337196066409,207.3870387239851,Orange
18,209.04467990755032,186.1660201001856,Orange
19,189.88184490577876,223.17836376109696,Orange
20,198.8611394802347,201.0752671467543,Orange
21,250.2206552841531,190.4733063116823,Orange
22,200.17664924649927,217.82783111244083,Orange
23,236.1698459869078,189.1846312281657,Orange
24,223.68546721009295,214.9901801698899,Orange
25,247.21440186333592,161.07860786474703,Orange
26,247.7440603379406,213.96419118628046,Orange
27,210.7939573195818,242.97394735985273,Orange
28,243.43447611682546,205.31427338366296,Orange
29,206.59644234955016,208.40939147557057,Orange
30,244.8141055323137,216.87376130497475,Orange
31,226.2273213113583,238.39657854990412,Orange
32,176.57229606440416,214.7742008496949,Orange
33,211.41797277802357,216.18712478593181,Orange
34,245.75202623035258,198.11051678663844,Orange
35,230.62109807668213,218.54782776893055,Orange
36,200.21963496899275,189.91118540165226,Orange
37,200.1584585193607,182.8935096569822,Orange
38,251.7495244025945,239.69076267553257,Orange
39,231.75725954497696,212.88215389375372,Orange
40,258.50432509933853,221.87944612516958,Orange
41,155.81639873431845,230.306179866714,Orange
42,190.45673295814262,203.69975621814174,Orange
43,181.81444069627213,207.30011125598415,Orange
44,215.3465994167092,229.83593831771776,Orange
45,243.08673800199816,181.45217381356173,Orange
46,200.63822214525916,192.9809925914331,Orange
47,229.9367659313137,198.47162226707522,Orange
48,195.73793992441247,186.86140408243543,Orange
49,249.04099016420795,213.92745920770273,Orange
50,204.722962859575,207.86855443184152,Orange
51,199.3894593774427,214.90135265913392,Orange
52,251.5209614213764,221.91913438243182,Orange
53,230.03583347731404,242.96959050481397,Orange
54,192.12918640686107,239.43291605944876,Orange
55,239.21711993718833,235.7789174114055,Orange
56,225.73962384986203,210.14973494780082,Orange
57,201.42032440778996,243.0270915893299,Orange
58,243.64623795441526,210.83947413902106,Orange
59,235.7421975996322,236.4684082387652,Orange
60,215.82572558000567,194.02378732203948,Orange
61,175.68980878314593,225.38102350664994,Orange
62,220.11730902011251,201.7863725591429,Orange
63,218.8631264011184,243.43823329634856,Orange
64,190.78584818006055,229.65937827200025,Orange
65,221.4626014093747,202.941785083533,Orange
66,224.7859692460699,243.0710841838948,Orange
67,173.13936950905415,222.86971059741876,Orange
68,267.08195581236953,226.06552172225315,Orange
69,188.79817520931024,241.03226855538185,Orange
70,147.21213583489055,198.28541926306715,Orange
71,223.99667185785103,206.6063337479924,Orange
72,239.82574763369067,180.09888070706907,Orange
73,246.38679464763325,214.18041334797317,Orange
74,217.29771204626755,198.53133677854547,Orange
75,217.03623150400387,242.80291877437503,Orange
76,223.94452062036763,218.94714802253742,Orange
77,230.00135574944025,226.98253382300007,Orange
78,263.7044213055001,195.34147399385316,Orange
79,206.87533304102524,213.7488272318447,Orange
80,226.2607373478625,257.0243869888597,Orange
81,222.8052561171392,220.72802787239715,Orange
82,184.71287041613726,197.0536495763859,Orange
83,218.048308263428,203.5910039168986,Orange
84,192.33848954363384,260.6842628568086,Orange
85,181.05432970930894,235.44395899653676,Orange
86,185.21722389356142,227.32360870819105,Orange
87,217.73197638526494,226.90476357834658,Orange
88,222.86708666577618,227.25721393414514,Orange
89,247.86480634290115,223.26898853657528,Orange
90,230.26524551897148,264.0019369052332,Orange
91,180.18945168328023,200.7247771662518,Orange
92,211.7234657312143,153.15980702935468,Orange
93,209.67290959297875,233.27129506111078,Orange
94,201.81301085224365,223.8235417195541,Orange
95,194.87387824111735,202.7285206354519,Orange
96,231.9015885555189,188.25701749894614,Orange
97,248.5490277089809,238.5642746285672,Orange
98,190.34161716860035,221.83855988808605,Orange
99,218.00177218879395,210.74691118825567,Orange
100,227.05290024515952,206.9621336050972,Orange
101,211.9568313752347,216.22400362911344,Orange
102,242.2565997823567,230.7651949701127,Orange
103,220.645276016289,260.3862043554783,Orange
104,217.4877804372195,182.99185762121755,Orange
105,233.43557969511428,214.8855244580972,Orange
106,180.85847366989907,218.3786790625976,Orange
107,216.0792096516975,209.01420686963533,Orange
108,217.40016685041115,208.51099949637737,Orange
109,214.95813711760556,228.81710369313916,Orange
110,181.91965831930332,247.40250739461638,Orange
111,249.66492694618384,228.6521277117235,Orange
112,222.25974225688626,230.95671209723906,Orange
113,210.72608967798553,185.36271032696678,Orange
114,238.15770807017867,243.68311657250888,Orange
115,187.84250986333342,250.87276891135133,Orange
116,148.1808438429458,228.69262019297423,Orange
117,217.21430519024338,203.92819746990716,Orange
118,206.403212615394,224.13931791553804,Orange
119,214.00089069849474,247.28138301390368,Orange
120,244.7722959169549,218.51998000486265,Orange
121,218.61849259784117,205.35324423491662,Orange
122,232.39328822434857,240.06927640677694,Orange
123,207.93055367795952,208.04005471799536,Orange
124,188.98570808231702,200.41166608029292,Orange
125,216.84429389729536,228.3257609135303,Orange
126,215.73399139433832,245.17671457216932,Orange
127,198.69526278180444,198.38439287057454,Orange
128,198.9401928064675,244.8028282422843,Orange
129,211.0895512575089,243.53567948564717,Orange
130,211.12548160648245,192.23524016221074,Orange
131,219.51834925403165,221.7734523375376,Orange
132,221.9665501716549,166.957272781914,Orange
133,178.59235470804873,221.94820453683258,Orange
134,227.78403762596545,207.72561403945193,Orange
135,221.43529892177526,257.3110286717494,Orange
136,255.56537168205037,207.11238133857387,Orange
137,180.33299554076086,219.58633870005536,Orange
138,220.03680333843994,199.35517935114515,Orange
139,215.17179050450702,206.01667976655463,Orange
140,239.27019330082473,202.88925903882773,Orange
141,230.82452354333688,203.27749558026537,Orange
142,227.98888511158071,231.72190385296878,Orange
143,178.8030589261075,216.53267610068255,Orange
144,225.98696773027092,228.36617587507223,Orange
145,230.2695594788017,218.81675484462488,Orange
146,212.9092298776246,207.74696139500523,Orange
147,194.20886822277404,233.5434057227259,Orange
148,239.15715094231572,201.6936809053212,Orange
149,234.16045279997007,246.598765823526,Orange
150,218.84425420170828,181.78451046807916,Orange
151,231.15424344829503,268.4768221069039,Orange
152,156.34436505168378,193.25074669102375,Orange
153,202.44241810869863,197.300330346049,Orange
154,202.3787687664983,196.41411330144516,Orange
155,218.6257214108321,224.51003874016322,Orange
156,206.2194374700878,229.98135588348902,Orange
157,204.38526624390755,213.99903117487656,Orange
158,228.84165424532972,235.9236645540244,Orange
159,226.63241015436427,247.67069328446394,Orange
160,192.8915494595388,177.83469662388123,Orange
161,215.51599074828206,193.77397831743485,Orange
162,228.81030457710744,179.45602064045698,Orange
163,196.77114559751664,219.07654994156695,Orange
164,204.20077576203786,232.07799555853632,Orange
165,237.2773443082127,233.28449528165106,Orange
166,218.7621913577842,199.58583686878706,Orange
167,281.8105318178146,236.2769942365825,Orange
168,203.41034597966336,221.07406862014577,Orange
169,213.25396690587135,238.1074068787836,Orange
170,208.06749471232638,215.7924410164957,Orange
171,196.5936341554563,220.24270214140958,Orange
172,205.65772241674972,213.86119023577552,Orange
173,228.83622855414234,218.3462554295373,Orange
174,216.47527256564638,217.67927891468915,Orange
175,195.87299296900653,200.0253368507925,Orange
176,190.87948851613874,229.59456118258512,Orange
177,228.919428228761,233.309600426715,Orange
178,191.75133618836793,208.32227575835483,Orange
179,207.4967822104289,243.75557232310226,Orange
180,240.21679121428602,261.2426720990682,Orange
181,218.0571731478082,239.85905521787117,Orange
182,199.37348109706898,228.54092772540034,Orange
183,173.14672827671237,230.55712378475175,Orange
184,216.22874614082983,227.97039405316625,Orange
185,200.9507569987769,213.89457678938666,Orange
186,213.61199975012795,233.93120262706705,Orange
187,217.90117581573756,216.49347225404173,Orange
188,208.08580112773757,220.47912918346233,Orange
189,229.90197658829564,201.9670086493643,Orange
190,185.62591889449953,193.9655066186959,Orange
191,244.22454850749696,220.0972354409112,Orange
192,220.3349966174587,219.34276296580722,Orange
193,237.20267714541743,226.0246476057108,Orange
194,256.1534808504236,216.42935065588364,Orange
195,209.02041409351503,221.56330484080132,Orange
196,240.53240099974133,251.7026572288865,Orange
197,196.7059636982441,218.04025322272656,Orange
198,228.60186803577386,209.8678483465838,Orange
199,190.48246192755215,242.11016405097743,Orange
200,286.1368694322156,197.05531371405436,Orange
201,180.36965358184045,222.0486201750351,Orange
202,219.6809033761353,201.9655274697426,Orange
203,161.78728809453577,255.76981902197096,Orange
204,206.30720235809292,186.47159293678575,Orange
205,247.3907575415371,259.2915460945339,Orange
206,245.5501443533531,273.31619823181506,Orange
207,215.0634800627341,208.234821616657,Orange
208,232.16991577484643,203.11430250736973,Orange
209,218.73187495149764,200.66776044704568,Orange
210,201.59632380208416,189.11047267046703,Orange
211,199.89970929671128,255.9741518324319,Orange
212,217.65598723211184,232.1051430169835,Orange
213,239.7366661447543,221.25883764353182,Orange
214,211.28768032054168,203.51806638379082,Orange
215,200.11979486666567,195.55574719952054,Orange
216,224.8147132761014,211.5625932954225,Orange
217,168.52845240698605,228.83947727490954,Orange
218,237.23976730871817,207.07987589635312,Orange
219,183.3313441864703,240.99548248503524,Orange
220,224.71413803957554,248.71032991836975,Orange
221,182.13470968408228,217.79951364464682,Orange
222,234.8257361645535,227.01158965531408,Orange
223,173.47290386231407,276.2941596592932,Orange
224,213.57974056903186,242.84851935799068,Orange
225,207.5078112911941,230.125262154855,Orange
226,202.5964752022932,247.13474414692737,Orange
227,263.3478966520636,207.30612067967286,Orange
228,222.9364177659733,191.41996146512093,Orange
229,171.89003678222628,224.51971681216236,Orange
230,232.9730681694368,201.24494797878026,Orange
231,193.02064362185715,233.40057780757107,Orange
232,199.34149290580476,215.42683892422917,Orange
233,222.4912450826553,227.15215082364222,Orange
234,222.38806566960497,224.79470599237965,Orange
235,216.65018385027338,193.24233979152874,Orange
236,195.5787167827683,187.52485688138785,Orange
237,214.46792867564798,227.01188199974504,Orange
238,239.9179800516203,222.1361965798851,Orange
239,198.86515243359588,224.20250940562093,Orange
240,180.44476173821982,222.41580930348846,Orange
241,190.81927118688006,222.90740702844127,Orange
242,209.67990833606936,257.711993551197,Orange
243,201.77634082345244,236.3155394340604,Orange
244,221.37965267285665,226.31859757450522,Orange
245,241.42838523792807,201.3596481942275,Orange
246,219.56382327532828,239.47069252112885,Orange
247,248.99792424198563,223.80460413907522,Orange
248,207.02244809083365,196.69751811317644,Orange
249,196.99071460657035,202.52773996664342,Orange
250,230.20790484720663,227.66056283114554,Orange
251,206.1802998600436,185.70319944016006,Orange
252,196.91824364036398,215.15186722204342,Orange
253,183.751467334366,255.42370080200723,Orange
254,243.5152287309104,201.14373565867263,Orange
255,251.1586428139829,195.69546982573328,Orange
256,210.12466178289935,254.10703366327186,Orange
257,147.16912120216213,185.77821801553168,Orange
258,219.71897687475553,202.35304145805557,Orange
259,249.62758172551366,219.62579555594934,Orange
260,203.6246949588691,194.79638951406423,Orange
261,217.24689420997825,219.92709029622307,Orange
262,228.10643220201422,211.81650144714635,Orange
263,249.89383279384475,222.47301993554197,Orange
264,198.8184194339728,224.2432170140231,Orange
265,203.4283560744184,250.35233822573338,Orange
266,204.90522527184913,219.70854343215024,Orange
267,187.4694926093823,192.78824829044117,Orange
268,217.99193280765743,222.56330490328924,Orange
269,198.51334780484456,224.03998017346265,Orange
270,179.29128132929827,204.10485627151408,Orange
271,165.5507157057624,220.83450559222302,Orange
272,191.86239126904937,210.70361287240627,Orange
273,205.6080746836671,214.50384153829944,Orange
274,190.8679870524973,203.53832152269152,Orange
275,231.240010434859,198.5135525645314,Orange
276,206.95508756974564,240.01724604755228,Orange
277,203.94506361578408,240.17127535304417,Orange
278,245.76030842647518,177.461998858441,Orange
279,219.59351454342786,237.20747892925,Orange
280,210.810159725616,202.67821605268887,Orange
281,217.77808265853452,244.28421568842836,Orange
282,233.70486073845845,204.78895235278577,Orange
283,235.01337469313617,198.7318783315302,Orange
284,207.5846340635584,238.0782243968061,Orange
285,221.6181236267247,236.98512951135564,Orange
286,236.72760112419965,207.3430250476471,Orange
287,257.8226291880842,214.46066890955595,Orange
288,164.87908153429885,205.61798731137426,Orange
289,195.31819620205084,220.77863607982073,Orange
290,216.08634051853585,190.7369824813318,Orange
291,224.69912458376115,226.60808645224685,Orange
292,233.28180935266167,230.79915277821607,Orange
293,231.02035773619284,243.02144720220915,Orange
294,226.65477506233967,230.94611956267306,Orange
295,218.35607269210513,204.58160418541084,Orange
296,204.2083605659458,277.84329982841837,Orange
297,225.24998643104863,220.90736026654363,Orange
298,202.74872488081274,218.24600225845876,Orange
299,224.90969072326047,189.3277003445767,Orange
300,228.12310615512362,230.6387573534937,Orange
301,233.13335479132567,210.92085738108733,Orange
302,164.2335015094106,205.74893362290254,Orange
303,223.4952815054798,193.5785785166662,Orange
304,223.52947222781023,227.42073135887023,Orange
305,195.00518924793394,229.84109880091762,Orange
306,203.842474069535,234.72820251647107,Orange
307,237.14784413301126,172.51441413013453,Orange
308,213.57613810767373,243.57231015222044,Orange
309,250.89647269229977,228.56253988411405,Orange
310,220.1782328441133,270.99061131422013,Orange
311,195.51149263043115,223.83412347751522,Orange
312,177.53197884972622,203.30820131972285,Orange
313,206.88215534677505,208.17213281343805,Orange
314,239.54284533608993,212.38058111577334,Orange
315,210.85471285328805,232.82038869844664,Orange
316,223.7207544970836,218.196924411508,Orange
317,229.85124938420745,189.00418585898916,Orange
318,250.45442366457883,207.85197773500585,Orange
319,196.2360266492479,193.79730004087008,Orange
320,207.531117936956,181.1104409745674,Orange
321,213.13474774490413,272.9949249127412,Orange
322,234.85130818012647,184.1152203569445,Orange
323,237.69582333893462,223.76609762550692,Orange
324,217.60707494454013,211.690160917497,Orange
325,226.82783848820654,229.35546280281315,Orange
326,225.23949096766222,189.74803613045805,Orange
327,217.3738636330093,227.52936781423,Orange
328,200.57485527066765,273.4522250693143,Orange
329,206.12938115036152,153.17377719394955,Orange
330,226.8427770599979,215.03131700397861,Orange
331,168.77258999090793,203.42173565581814,Orange
332,201.56852527693633,237.97099378630122,Orange
333,246.02520627537024,192.76628023950806,Orange
334,195.9778721717501,200.72702350324008,Orange
335,247.8690669221175,239.90677257796585,Orange
336,225.8936111469025,195.15592756042273,Orange
337,209.8402826163603,254.53758578125303,Orange
338,194.27892651939342,257.98540424885334,Orange
339,194.74783066071373,244.60742000754422,Orange
340,207.5566033409422,239.6518865477446,Orange
341,169.75867602049806,225.0165308036919,Orange
342,217.72916948464095,194.35625414458752,Orange
343,214.41824296888123,196.2248519107292,Orange
344,227.32128183822547,200.3658731961309,Orange
345,184.39323856782048,223.00980865495723,Orange
346,164.53173486518477,198.0506144529329,Orange
347,198.41394501671243,225.4089902344067,Orange
348,222.28198982716515,216.0003536765436,Orange
349,217.4506240932461,220.10556126272672,Orange
350,244.23919614806312,240.14360317496374,Orange
351,178.89958098686571,191.2744920249496,Orange
352,207.26430255546506,228.69390730907085,Orange
353,221.0951810657755,203.47280496082507,Orange
354,244.97415007020058,222.66883806509267,Orange
355,173.03221297170643,174.840338707333,Orange
356,212.17287667470916,214.21724566723606,Orange
357,208.09815509581793,182.25641593025313,Orange
358,217.14252351385693,184.41547405710278,Orange
359,215.94987834327517,210.84101697931845,Orange
360,228.98842551870803,237.629723462213,Orange
361,238.07721450626704,205.75787736519368,Orange
362,205.55571138475509,191.6332398387241,Orange
363,217.82273063202948,211.82857812632125,Orange
364,196.52475560696433,222.10728062218422,Orange
365,219.46415850163197,235.07700239778424,Orange
366,246.42647776282715,222.4844154035537,Orange
367,230.1867566016349,217.22761120717976,Orange
368,197.85032053501502,240.74805937600195,Orange
369,226.08882659902795,226.2149058173247,Orange
370,201.28483617993996,192.35543802463954,Orange
371,185.26821698559186,197.55462895395186,Orange
372,240.23291190463354,231.85913607937502,Orange
373,233.6197708268419,239.94802366193372,Orange
374,219.95943041672328,203.4294808250596,Orange
375,209.2027868025979,222.10292797271566,Orange
376,209.55220879459236,209.67065362223505,Orange
377,192.15620555596763,208.55007317555413,Orange
378,206.45413896006602,206.50212648427134,Orange
379,222.90045065659365,229.59169487872126,Orange
380,216.02309118549294,214.17991474630026,Orange
381,210.6859733534803,214.64118842686239,Orange
382,208.28156420181992,226.6218905622139,Orange
383,247.0096391442231,209.66808154105033,Orange
384,198.64475895009014,252.7481448382624,Orange
385,242.53459354227815,203.54885459631697,Orange
386,231.67064205108568,166.32473537140527,Orange
387,217.90165487052218,225.08841439307912,Orange
388,166.2460220253132,228.80809353489695,Orange
389,230.49974701328486,253.57786970562725,Orange
390,204.51375355376277,219.75627978730085,Orange
391,218.67557757349886,201.2883862213502,Orange
392,205.7808598140544,175.5686762479582,Orange
393,210.1264882382074,203.09452464322152,Orange
394,190.33287146620003,224.18913806609777,Orange
395,224.330448087673,166.12027561444216,Orange
396,198.8736786684758,197.35132799190018,Orange
397,219.8833846584967,239.09913714100927,Orange
398,179.22967854116675,220.7950889228508,Orange
399,210.57077691213698,224.79170244225782,Orange
400,216.86318453688045,212.69798607131034,Orange
401,221.2586506411964,240.9815564319807,Orange
402,192.69206795954727,221.60774666718098,Orange
403,185.7324546073014,185.84514257700863,Orange
404,213.89296213591513,207.01577774651687,Orange
405,201.78119559878652,188.27979739690122,Orange
406,177.39991167824502,182.99784240727118,Orange
407,197.24002807959647,212.91594019890675,Orange
408,217.9943026059647,218.55566852374255,Orange
409,204.9807179643259,212.44294382982523,Orange
410,236.59860318233086,224.44424136622794,Orange
411,215.3912463337347,195.7652228676506,Orange
412,233.07241025302028,198.19870344111825,Orange
413,265.16756658193583,176.71683799285776,Orange
414,207.30309268298035,217.68800589237185,Orange
415,232.54007661327813,217.94721073995953,Orange
416,203.82430121821798,221.27298157064956,Orange
417,168.35210897086114,234.40985749953512,Orange
418,197.13846703911437,194.67471544366572,Orange
419,266.1212612517766,267.2216088095502,Orange
420,223.31232004197537,231.57591095991302,Orange
421,217.33088444608794,240.65294659032514,Orange
422,220.58553464008665,226.85706263508501,Orange
423,221.83147303861546,210.18923574047852,Orange
424,208.12924978495002,203.06563873649796,Orange
425,226.22998989265727,224.0388406389539,Orange
426,181.05677353811393,213.87000173530177,Orange
427,208.8335870647337,177.83626576617752,Orange
428,223.54025434587743,183.0757726646005,Orange
429,220.01859561630897,235.28145553342057,Orange
430,249.52361713856638,222.46943266268403,Orange
431,195.7185552594504,224.42384306395996,Orange
432,191.7293884015811,215.83122539290764,Orange
433,235.3644452384913,175.2031133445418,Orange
434,243.71929801404764,236.16957081264852,Orange
435,189.15106121505144,232.44090529687585,Orange
436,210.68226550953463,266.5877817972406,Orange
437,221.09259110691264,222.07934626782898,Orange
438,211.75920106485964,227.20381059126225,Orange
439,224.62991478766986,233.05528441179905,Orange
440,219.7560724115992,226.72001883763502,Orange
441,190.72092935316272,210.34327514188635,Orange
442,232.10900763999865,170.22615399987154,Orange
443,186.16725320654191,218.64030501471564,Orange
444,188.40468994090904,222.2687660901496,Orange
445,215.5965782872581,245.44361027807247,Orange
446,232.2762506914624,244.3725699908128,Orange
447,234.47982758265147,207.12257818671313,Orange
448,179.36901207613678,213.70217105926457,Orange
449,244.5818185758914,231.9190303806728,Orange
450,233.17259486282634,243.31998609388876,Orange
451,221.0646047447667,223.7782419351782,Orange
452,209.9834952101972,196.0053919435405,Orange
453,218.35625997250332,200.91000732951306,Orange
454,221.52354442931485,196.24394327033235,Orange
455,211.19760940888327,215.6814482262914,Orange
456,212.35229532226282,235.67357839731602,Orange
457,231.7803834220189,227.47957679087534,Orange
458,199.2585251841976,220.15775742901636,Orange
459,209.41480961988816,198.26197505738702,Orange
460,211.02150687444998,216.6864109197903,Orange
461,169.02829688698864,196.63221387922766,Orange
462,258.24045430419767,215.6099808584027,Orange
463,193.5261245511144,207.52881833018455,Orange
464,223.60530491925584,232.23824089408546,Orange
465,243.28261733233558,249.1769113519352,Orange
466,194.63584512929356,225.91729653718625,Orange
467,237.8852245735613,200.016042801063,Orange
468,190.37504627137542,194.77342395253672,Orange
469,239.8132556516673,242.0504879026834,Orange
470,199.93419654224004,188.96353132852195,Orange
471,224.16668031791124,184.62202851490827,Orange
472,203.137076934569,195.26070655910874,Orange
473,223.7332437582462,220.2865149463718,Orange
474,212.7946109809795,238.54638166122183,Orange
475,186.15688356943895,231.4362726319082,Orange
476,211.34640865324397,189.25402746952923,Orange
477,212.58606104184057,235.89074552824258,Orange
478,207.7143773598421,235.14686352210643,Orange
479,194.26807306019785,192.18484376606378,Orange
480,202.89024756812344,281.89831514658647,Orange
481,204.94060033370909,211.84667688984644,Orange
482,189.99801680925594,259.5290033745111,Orange
483,208.404197403157,205.5821379655541,Orange
484,231.40768367599253,199.26056667331372,Orange
485,206.41816118863596,206.11492951686398,Orange
486,212.19648204769982,225.10804470526858,Orange
487,193.66912374908784,250.5944634384466,Orange
488,226.9012141086665,219.61097144301468,Orange
489,208.87396986623068,218.3797591869372,Orange
490,203.77498608628395,215.6161585719312,Orange
491,213.56398872777334,227.21729890357454,Orange
492,212.29793027607164,200.90630234668586,Orange
493,269.4190158579955,206.61871821767343,Orange
494,216.21561197146167,216.63478539673463,Orange
495,201.43817104384266,256.5677752169341,Orange
496,232.0752675838171,193.9800305320628,Orange
497,220.43121017682267,216.07256758821643,Orange
498,216.97516862283612,236.01845072536187,Orange
499,234.55000597819566,234.75317410729258,Orange
500,222.29230256293894,205.08377952239243,Orange
501,235.8996484151462,189.67406849548252,Orange
502,242.55189828203856,184.48157845768452,Orange
503,198.69613206925658,185.49868284102877,Orange
504,205.60594331702018,209.2171588172368,Orange
505,212.33506611297318,187.7894085262408,Orange
506,204.8833042789691,211.71689164099897,Orange
507,215.1147448208405,224.50478262507966,Orange
508,199.76236070856632,201.7460347855057,Orange
509,222.63572359758805,230.69780121098944,Orange
510,215.68996729179688,208.44570564950024,Orange
511,207.29976275365985,241.42109622654655,Orange
512,214.1309963894974,206.1206602899051,Orange
513,232.21208595483867,284.35415915892463,Orange
514,251.1274786408763,239.0390059946684,Orange
515,241.70273751311294,198.13503184332274,Orange
516,220.37341879510572,201.33134069157603,Orange
517,200.82714550070537,204.78415527343577,Orange
518,223.44359487175666,221.18076530071326,Orange
519,221.2677015526177,216.23877101295128,Orange
520,272.5817913842876,240.47673006316336,Orange
521,244.3006028246867,228.24151351901685,Orange
522,213.5925818176074,227.61518465206393,Orange
523,202.9186129946991,243.4057043522323,Orange
524,206.12131559700273,222.692156152464,Orange
525,212.6397915764465,214.01626756675893,Orange
526,266.9820447335805,217.7324496168013,Orange
527,225.3968819860291,189.43064860965484,Orange
528,212.86882321125162,236.42568829497804,Orange
529,199.60556522736812,203.27829101250984,Orange
530,205.62960167013375,234.70418381728368,Orange
531,195.2865612685805,212.7459854258824,Orange
532,229.5949330062419,179.58151625548783,Orange
533,235.02601104250118,222.09670450257505,Orange
534,234.19724623784882,201.90245649225733,Orange
535,169.14628308889675,235.7952859042079,Orange
536,229.45331262390454,222.65123565563616,Orange
537,213.32717856778467,171.6733660868291,Orange
538,240.21003068950714,208.38205940194786,Orange
539,233.73154945874177,199.05003343580307,Orange
540,259.9203570298158,209.43864494050388,Orange
541,219.78270635395305,202.540372644083,Orange
542,203.0055297661487,186.2667051816714,Orange
543,182.18936443246486,224.49918163876555,Orange
544,181.77535253020164,258.65996417892325,Orange
545,178.20113055063433,235.52837306200053,Orange
546,230.6362779220322,229.59509249881225,Orange
547,195.9238249219714,244.63471282685362,Orange
548,220.93596565185257,208.81237695052144,Orange
549,268.3307504886635,202.9563462763373,Orange
550,219.92255295638552,220.72414879441612,Orange
551,217.68297163487435,213.08742132163152,Orange
552,220.23693876944827,209.51725474064003,Orange
553,214.8064817677368,174.06351644010232,Orange
554,222.42599197222575,238.8339538639856,Orange
555,240.7374277445127,222.98879380448943,Orange
556,251.5857313041699,237.23934563807177,Orange
557,169.2952085367814,218.0108746741947,Orange
558,175.91628066256408,198.83998886245806,Orange
559,200.36595713350667,225.1059026900356,Orange
560,231.29395556645284,211.3924496844405,Orange
561,239.07618102971233,247.00982470963888,Orange
562,182.2870310946464,225.2995697582976,Orange
563,236.01103463748163,238.5101683523004,Orange
564,205.3868275862179,206.09925771446393,Orange
565,256.7177875168215,233.70046749882823,Orange
566,201.00260078278782,224.53294183998213,Orange
567,180.8235940380661,198.50523010615922,Orange
568,212.69089894884297,232.6277374141639,Orange
569,193.08016408470291,248.8382795544045,Orange
570,230.32802762975882,238.343761981258,Orange
571,220.80010920135072,239.27746628202516,Orange
572,186.70245092511544,192.1576186055578,Orange
573,216.08842917384487,202.3088900671888,Orange
574,197.78865562949792,183.8409103041222,Orange
575,229.31254180903204,232.84174218701685,Orange
576,184.7667238230899,235.77570024561223,Orange
577,200.14573617340326,204.20298861871493,Orange
578,229.3251931494577,205.99480639368483,Orange
579,224.65076343035204,198.78992456909643,Orange
580,224.1627968212382,208.5519121128162,Orange
581,225.14877057920205,161.25268848312152,Orange
582,207.76805255477493,212.7194936981391,Orange
583,161.32351074987133,273.499928206552,Orange
584,206.56964135548827,247.870015034317,Orange
585,206.12386469945676,192.34653697559423,Orange
586,225.29088784986052,203.96922351033515,Orange
587,182.32843044474595,163.68636932699533,Orange
588,209.7338090388846,192.8121476055707,Orange
589,209.28626673549772,246.85884135736893,Orange
590,225.08619018410803,233.81616844001948,Orange
591,225.34289997771037,222.49744880807359,Orange
592,194.2130622704379,219.39195229530472,Orange
593,215.0962144821382,214.5081646517539,Orange
594,143.83891135980508,182.2222949737572,Orange
595,205.7831620451247,230.56691652994922,Orange
596,199.08291372049027,223.6252377184123,Orange
597,185.8639347254156,256.44068370901675,Orange
598,224.07111520904283,260.5911851139844,Orange
599,232.49019285027066,213.50468544252092,Orange
600,227.74171357950618,250.61685905268297,Orange
601,183.19960810006322,199.43178773301992,Orange
602,248.00981360320912,171.75324528187477,Orange
603,233.71945182024226,245.97086859036065,Orange
604,228.10606200435694,254.81937328426022,Orange
605,201.9000458793551,187.20313255007724,Orange
606,226.7294879717577,239.7845851987886,Orange
607,205.1783390440924,252.25446442874357,Orange
608,205.32369754652908,243.81685846019894,Orange
609,235.28975540752674,230.49239344414616,Orange
610,199.71836533340033,193.0600782780708,Orange
611,227.90571954959825,206.39764286127544,Orange
612,211.7000571814859,191.5514257571889,Orange
613,161.83660481411835,217.26145446515605,Orange
614,249.9577277966005,242.63938117284573,Orange
615,206.12150408417608,213.40059214517888,Orange
616,244.15413937589986,222.25033559961378,Orange
617,243.79994309440158,223.28226970585564,Orange
618,213.42972450341057,247.94874427145515,Orange
619,261.9742867502574,177.88789775896106,Orange
620,226.49520505359237,246.60334656279525,Orange
621,230.41767746640946,233.72969394116683,Orange
622,217.6853036860726,234.45406860806781,Orange
623,215.7132301798931,205.41777833916467,Orange
624,205.19876450449095,220.28652830884226,Orange
625,219.67498692527747,198.35367303611,Orange
626,211.06566247756342,205.42467758505944,Orange
627,225.23929603193054,230.26699773743331,Orange
628,237.64360392139352,246.81732350122914,Orange
629,191.7394522800804,238.66122268440978,Orange
630,209.52667964982172,185.73777580495178,Orange
631,231.14291051017761,253.20623777615054,Orange
632,200.03846691264545,202.62518664792293,Orange
633,187.28058433595552,182.22290129181704,Orange
634,199.6475706813119,206.90122179799596,Orange
635,213.55086363854625,200.4951118289175,Orange
636,200.4153209279812,239.8009810607269,Orange
637,250.05401981574062,225.78582492767381,Orange
638,189.83552905414086,221.28049319918173,Orange
639,209.7398071147271,187.357238072623,Orange
640,225.4367106846347,224.58708396908025,Orange
641,222.3957672355302,203.44780614536003,Orange
642,212.41565696117013,212.815620655362,Orange
643,207.88281120194367,220.3480298556863,Orange
644,231.93503364351218,208.61460749534842,Orange
645,197.31191804172312,198.8796299052873,Orange
646,236.0292683375866,244.56747700177186,Orange
647,191.45093937149488,184.0886956290505,Orange
648,202.67960295983175,218.13289622198056,Orange
649,239.93465654582056,194.2586920091089,Orange
650,231.19016228686564,213.74693362551307,Orange
651,229.20586174031723,222.02859345479538,Orange
652,224.26180884300658,211.47661836955393,Orange
653,247.84009039209923,243.25662543870806,Orange
654,220.98253790990077,189.31833107312224,Orange
655,183.02515879213587,241.88602500188316,Orange
656,216.4357377174322,201.24203436171476,Orange
657,223.27829863619814,225.78257620279393,Orange
658,196.74749398849227,194.8395264959067,Orange
659,248.3358424561427,224.23670301981423,Orange
660,227.82574200212468,186.9068605594787,Orange
661,167.49187371222618,215.6928890381722,Orange
662,240.42353382549703,225.22178395751658,Orange
663,235.432148431584,211.69060950587223,Orange
664,217.13302537281157,240.1966379068884,Orange
665,187.17956330188466,197.1142847245091,Orange
666,210.1594668570119,198.80637123585547,Orange
667,251.91450701783634,218.80677737709038,Orange
668,208.36557920047295,209.5461665022784,Orange
669,236.30376372577823,249.9868174915005,Orange
670,213.39656889752783,225.48751930947503,Orange
671,274.33733625246487,217.5918965774545,Orange
672,200.27799196298005,209.99324572144923,Orange
673,203.7030444241705,239.18551268789776,Orange
674,229.84099139589497,190.98424677603137,Orange
675,163.671466735945,241.98909659461734,Orange
676,224.39043223691584,234.11515735293568,Orange
677,207.13669105434042,235.38653894264655,Orange
678,227.46833828720264,209.56912729069896,Orange
679,219.00688312591225,219.02614685342948,Orange
680,219.9466768820444,240.43277782127115,Orange
681,208.36104968650437,212.3276212518523,Orange
682,204.00036837983643,239.12159185038686,Orange
683,193.47680923905153,229.0445633024548,Orange
684,200.68278177097295,219.83253352666847,Orange
685,211.7424608348823,206.86563252474477,Orange
686,229.752622618744,237.943821083516,Orange
687,273.91856417356166,253.5513180106503,Orange
688,237.14655388399532,263.34641086788633,Orange
689,205.66065749301814,217.47192220797086,Orange
690,210.51863256315985,213.76848440427855,Orange
691,228.9020526235475,224.24078338756786,Orange
692,179.71484502231766,227.13317360153053,Orange
693,227.66550817605864,199.15747959896458,Orange
694,211.28541523812012,219.75123950793042,Orange
695,207.2073302138449,228.00238929478058,Orange
696,226.5551572157655,216.64832711834416,Orange
697,180.20527577442402,221.30182600653825,Orange
698,218.0667994113301,227.5640640607872,Orange
699,221.61818095971964,208.05195092391733,Orange
700,201.44231480873208,239.63390995355942,Orange
701,246.19820057074773,228.4332504762426,Orange
702,189.99022336151245,239.0407504953981,Orange
703,203.3902122309574,195.99297602237914,Orange
704,203.2955140557248,240.46814228706114,Orange
705,196.3205817175175,201.9336549244494,Orange
706,204.9730756528523,224.83261197041344,Orange
707,207.61469502752814,201.24184995434524,Orange
708,214.87196626331672,223.60484069792625,Orange
709,250.50537229899578,247.3636389491927,Orange
710,216.17112169304465,266.3718102675869,Orange
711,238.44589486654846,233.44146930115957,Orange
712,215.18541934557982,202.98474059341646,Orange
713,207.7600817694529,241.11607231507674,Orange
714,260.9616754182801,211.3800953689563,Orange
715,249.5579959696939,200.75818094476193,Orange
716,188.87648815668484,241.44583758434305,Orange
717,227.18297012600823,231.25302657551816,Orange
718,187.25358847782942,220.55424173177215,Orange
719,243.59968457509922,193.87572737261044,Orange
720,204.4754238630624,202.7794953179947,Orange
721,239.2195704831831,151.60771947763135,Orange
722,204.61220244802178,215.41169366618257,Orange
723,226.07809406290696,223.91822782434326,Orange
724,223.8347401135796,236.33961204287397,Orange
725,198.5660933774424,226.646917531304,Orange
726,245.65968933799482,212.5576998930142,Orange
727,224.43640250542902,243.27822764726017,Orange
728,197.19246160218097,217.75242356988247,Orange
729,225.03759681147426,227.88266693846668,Orange
730,238.86195904261177,225.04449969248043,Orange
731,207.4968328685018,214.9369272293514,Orange
732,248.54586248938415,267.47411430338275,Orange
733,225.53016169516508,208.4943480603978,Orange
734,198.55180915751117,253.92832126575362,Orange
735,229.8690882617519,217.87774653047862,Orange
736,218.8494098986565,215.18200461264175,Orange
737,255.50229869700485,237.09050599273826,Orange
738,203.64760236597675,239.00221221620473,Orange
739,201.41371984167858,255.47874625167086,Orange
740,232.37974177662812,224.37967710023105,Orange
741,226.8183443502167,209.9394973876776,Orange
742,189.13661441224295,193.28510085503277,Orange
743,204.37461878594686,210.44277880486442,Orange
744,211.18414764210482,225.69592007009032,Orange
745,207.25265454880156,250.6756790284905,Orange
746,184.95903422452224,212.69795599350203,Orange
747,173.61519409260194,180.38312447424624,Orange
748,222.20053448714918,214.88340099049228,Orange
749,217.2951982363072,198.66026326767056,Orange
750,222.0357418554352,253.09273581673696,Orange
751,220.24894228361305,236.90045107700212,Orange
752,218.40347070850981,212.4930577991109,Orange
753,211.04814681851332,240.7089985679081,Orange
754,211.56471780599165,235.86951225338083,Orange
755,194.50490250056325,233.06106655170134,Orange
756,220.89889702059287,216.74973177038046,Orange
757,219.2761684243172,212.5074153003844,Orange
758,210.32097743322262,244.98202848572717,Orange
759,190.91522643851795,215.35242757747915,Orange
760,207.7692157669285,199.091779808751,Orange
761,230.62653949859552,205.81121554851381,Orange
762,223.07549890086662,247.2715006318664,Orange
763,248.35285487709888,215.98209694148534,Orange
764,194.9685418416272,211.0524527197417,Orange
765,247.23474686888065,204.05583387455383,Orange
766,205.0500140471049,213.51216794908507,Orange
767,220.92384643934693,192.97078131259505,Orange
768,205.15181418387135,244.78251810172836,Orange
769,218.9121892688313,173.58617804372247,Orange
770,178.58381806747525,238.0578490923396,Orange
771,198.97955357886477,208.42832378219114,Orange
772,177.21236290249783,231.0614444737304,Orange
773,231.88367545901582,241.99411817706522,Orange
774,236.62175982664186,235.84785944238106,Orange
775,241.5631628932104,256.25310102875187,Orange
776,249.7116058350906,234.45132497364094,Orange
777,234.90187308170746,191.5480457903065,Orange
778,191.20602159586775,261.56316246854556,Orange
779,210.31921910026523,246.56459704965567,Orange
780,220.62709098973923,231.22330512307732,Orange
781,241.16654460010858,221.19735345507738,Orange
782,208.37776684894342,213.34183608859018,Orange
783,196.67489954706122,177.7735788354533,Orange
784,211.5432589530204,224.48636248442367,Orange
785,223.6575962922326,179.6169534573925,Orange
786,230.66810973564722,183.9762601169397,Orange
787,188.25668200674855,242.92092760494373,Orange
788,208.755728245408,243.7322713516771,Orange
789,218.3710089306521,226.17244120617485,Orange
790,214.6324933491044,215.58731243640628,Orange
791,219.35445648185788,191.6104205598605,Orange
792,245.5126083341395,214.74742438541358,Orange
793,273.93667635802484,230.09954891144932,Orange
794,213.42017775667,218.60546179848444,Orange
795,217.09692304850137,232.3033986297861,Orange
796,183.45753925055826,217.1319107017183,Orange
797,198.32905825952128,182.91869861293998,Orange
798,225.980636795116,220.92956814814104,Orange
799,220.61855133854698,198.36412087233043,Orange
800,216.62267536139993,182.65824861143005,Orange
801,273.24997139587475,204.17984026224548,Orange
802,221.37573331364507,231.17212148235524,Orange
803,230.82998572952332,245.0737210891108,Orange
804,236.54660097657637,225.37832254021467,Orange
805,224.29122722814117,217.9506874311192,Orange
806,197.9147177616941,197.97518351677064,Orange
807,209.11158836406025,221.31379276498825,Orange
808,204.48771617449566,199.70915407938278,Orange
809,222.4837206708344,236.69360554734703,Orange
810,220.5054720932298,254.2095152219604,Orange
811,236.60466358292325,246.46057974102234,Orange
812,225.72053103152533,244.2674480203426,Orange
813,232.07702402482641,206.0770024272056,Orange
814,246.8262739404192,209.71898808438996,Orange
815,255.3423856866968,219.2159650118397,Orange
816,197.46909334076253,204.2942294988704,Orange
817,195.19398759122606,238.99214787896415,Orange
818,211.08021833531055,224.29537625419542,Orange
819,211.44532797785945,224.71557313494554,Orange
820,241.5374780707963,222.31109691101796,Orange
821,200.28563199597266,260.7968694956756,Orange
822,206.6474578574928,214.34071503007416,Orange
823,210.20143211653814,221.79333530893354,Orange
824,176.21173058973034,171.67698322925898,Orange
825,183.9821919520304,204.9556951600868,Orange
826,212.6849275731665,257.9292292106828,Orange
827,180.39584913743101,182.98488404414417,Orange
828,246.33842077085902,208.20125427017007,Orange
829,224.19782184157177,227.26941791854458,Orange
830,231.11214659209222,226.6895565102934,Orange
831,208.14684009986047,235.6085777076562,Orange
832,190.1174046900477,190.18750626424455,Orange
833,173.91152415695996,263.4602767086757,Orange
834,245.21399023290942,231.6910902331808,Orange
835,219.3320401739364,206.4241897555322,Orange
836,196.43701833889355,225.8834404748762,Orange
837,194.34044375970348,207.47142261176498,Orange
838,247.8752236839275,186.42960957725626,Orange
839,213.63005598665092,211.99068445490443,Orange
840,220.8731564615977,258.21952295208405,Orange
841,187.32913770398017,207.35377338183366,Orange
842,234.92124180378488,252.0463873488207,Orange
843,215.51571709894029,217.38340341744723,Orange
844,226.56969745299241,239.92646616401743,Orange
845,209.14754387761482,219.9054112902113,Orange
846,203.18926146166476,208.94674223320547,Orange
847,197.83074013339228,187.63692461558298,Orange
848,203.25595716755257,219.34975230263467,Orange
849,242.26399340025492,217.8982749485827,Orange
850,221.7662537411038,188.8096793494316,Orange
851,231.65881225436456,218.9627312198007,Orange
852,186.23413353093252,224.9737397392384,Orange
853,210.7664717205431,225.75876904002718,Orange
854,218.48736905991817,230.77171707614679,Orange
855,195.01766009510084,240.5895862713298,Orange
856,212.06620855075218,194.2802548316646,Orange
857,181.6596413818521,190.66710095348375,Orange
858,244.22202350350466,219.85227709551273,Orange
859,248.9198948760838,221.40087791540344,Orange
860,194.78118372297828,226.07970377261864,Orange
861,229.42690197050547,230.01218797796489,Orange
862,233.01305789219373,210.45437922693898,Orange
863,197.37658214929291,237.16949018417793,Orange
864,204.3655149190977,226.08123181771458,Orange
865,184.69079460980473,208.66406735072331,Orange
866,215.18846215168912,227.81178447205923,Orange
867,207.3858032814328,225.51307778098857,Orange
868,220.3243585366285,248.00869454487395,Orange
869,209.1138701421851,205.58071363976913,Orange
870,227.71130612522964,230.09998707794222,Orange
871,221.17533440792593,205.33191983522423,Orange
872,223.681186623834,185.40236585585654,Orange
873,235.46534511999337,254.70402263861672,Orange
874,198.05070778554443,213.1610052502536,Orange
875,211.19797065023596,214.53697486765165,Orange
876,190.33665137714908,213.4553501877315,Orange
877,223.53848143351013,216.70119907442023,Orange
878,224.3314528644287,177.08886535023981,Orange
879,202.627242192019,196.84862070715798,Orange
880,225.41268184737277,231.27384064096273,Orange
881,251.57491817017143,211.4852825669515,Orange
882,224.80916757961353,221.46355013058596,Orange
883,220.76890229286977,216.6506349776711,Orange
884,204.55503917240145,175.52934279517876,Orange
885,225.02297364638707,208.15521087754104,Orange
886,228.2426397378592,250.47307017051995,Orange
887,239.97361383185034,237.48058043144877,Orange
888,240.86993152788705,209.05627138249744,Orange
889,233.23822801952335,212.48391499496242,Orange
890,215.95876590268654,191.48863037936178,Orange
891,193.03401799355126,220.4293785965427,Orange
892,264.1645251256458,247.90540622732243,Orange
893,206.35287417901972,236.22070332713503,Orange
894,200.9811406351337,202.0133383445289,Orange
895,175.15980943802703,209.17365579299366,Orange
896,220.32982208356708,199.3609503007029,Orange
897,231.88727969751008,256.09386955472684,Orange
898,188.09292942923517,240.8263658960828,Orange
899,235.44795478948802,219.85393031562376,Orange
900,238.56129364107545,204.18988635448358,Orange
901,194.78468120474912,246.13074412524557,Orange
902,227.45090370080524,221.62766112443873,Orange
903,188.84700621090357,196.33763375600523,Orange
904,235.13200215291232,251.22875920328033,Orange
905,195.6925666119729,157.98411431901093,Orange
906,232.57730571093182,215.85363464615935,Orange
907,194.49474589609565,227.28361519130502,Orange
908,202.9147912299747,194.93679561986903,Orange
909,200.14511617098339,183.4354064696945,Orange
910,224.19989628452876,249.26979851996688,Orange
911,226.39674256903876,204.70296939252455,Orange
912,245.08079826811917,191.25851503999183,Orange
913,230.95929715624894,216.23930701095645,Orange
914,224.82995996700197,239.63296466684415,Orange
915,227.1039788809487,193.1108849944829,Orange
916,221.5010127325916,219.66652442940315,Orange
917,211.87973798923346,235.83563077981174,Orange
918,236.0192017916536,221.93918815238462,Orange
919,222.71363737802838,219.852311131739,Orange
920,233.32144139008994,244.6819471291411,Orange
921,215.38258940704557,199.70572398362327,Orange
922,240.7558086772877,248.25639438012388,Orange
923,190.44825415370337,214.71272730696987,Orange
924,217.62333683179133,240.70193965668062,Orange
925,251.28412981224565,229.799238569759,Orange
926,200.95363587817934,205.2956018346991,Orange
927,228.11705116989071,212.55398643012958,Orange
928,231.88012813667348,214.9161265600984,Orange
929,214.54914446843378,218.03679614279432,Orange
930,229.09207790279203,214.26053827178544,Orange
931,195.9223420666729,241.69693740061925,Orange
932,233.60498304844597,228.6527355939195,Orange
933,207.7816677305276,198.57777045434642,Orange
934,238.49886905597288,226.5678906326977,Orange
935,247.11356955995868,233.92250281910626,Orange
936,233.67952872960325,197.81466249139308,Orange
937,245.7116482543277,186.98946259610207,Orange
938,199.8561511666712,240.7911104191277,Orange
939,231.1815196269339,249.00003479797454,Orange
940,248.29777809867448,246.62465422294136,Orange
941,186.93221146640053,241.45637176192523,Orange
942,222.50414540859867,198.6181315448205,Orange
943,204.0017706733008,180.1281067052798,Orange
944,251.7202423505626,193.0692164662689,Orange
945,213.84709111507146,222.16122166264103,Orange
946,214.80828992165408,204.40085218558204,Orange
947,240.87531592423312,219.08221441374914,Orange
948,214.14578335791725,232.96303178256022,Orange
949,230.06267117312876,179.57649655512816,Orange
950,190.97024996268607,180.57222266631854,Orange
951,214.06460600014205,231.87297364301634,Orange
952,233.84656997351618,231.38327190199632,Orange
953,192.3989819967495,230.81290705926216,Orange
954,189.31718394909876,188.43616621948402,Orange
955,233.91713653828407,227.84204867592405,Orange
956,221.19690742276626,217.6127781597307,Orange
957,164.50241272755585,214.85071958815206,Orange
958,220.89070356860603,183.70272945171362,Orange
959,213.05394801110288,254.08040653775166,Orange
960,216.32058894586615,184.1874957031324,Orange
961,179.59441858832113,213.81199297816468,Orange
962,217.08553773439536,209.94298342164913,Orange
963,257.43349512550617,241.22533841348977,Orange
964,198.9644057606134,204.2518708748684,Orange
965,217.88090212275003,261.75787456745917,Orange
966,201.67052212640115,229.85646710390077,Orange
967,243.54935550471265,205.22255409597398,Orange
968,240.5680752435878,191.62158576838442,Orange
969,222.79535456543664,208.96690144589124,Orange
970,201.1689029458759,239.96941437702458,Orange
971,200.1099094888184,195.04314608061708,Orange
972,181.9962163590101,228.53373887518984,Orange
973,219.19180213952072,171.29438944503664,Orange
974,251.60624650949055,210.32652117117033,Orange
975,211.57293252937038,232.04012331222205,Orange
976,210.7328996949491,203.8869273952392,Orange
977,208.39324502324038,254.14877659516333,Orange
978,192.10310435969257,217.7835423881778,Orange
979,247.62767409144286,247.51361511199383,Orange
980,197.73892341252784,226.16745932811725,Orange
981,252.31290452016182,188.39853529093156,Orange
982,197.6979341253167,223.73410467718728,Orange
983,211.2976470437542,212.20361846096384,Orange
984,199.59180283993337,243.64987039831328,Orange
985,248.09647977342235,233.4190428892381,Orange
986,217.27924153588415,229.93732383171016,Orange
987,219.98590006324838,210.8291135089625,Orange
988,279.27009468109367,217.12809007704342,Orange
989,222.1162977366519,232.2701805950788,Orange
990,245.73496259294518,227.68034833443852,Orange
991,216.98268293688417,224.2393510536418,Orange
992,185.78132691925072,204.59852741636715,Orange
993,198.24588412919428,220.60878319473375,Orange
994,210.89319942910208,230.5161932728281,Orange
995,221.09255024822312,221.27186768240267,Orange
996,182.22255508023304,199.9930805428747,Orange
997,164.74441486409768,255.30309978689402,Orange
998,213.89634628802665,207.87574665380984,Orange
999,179.02071458826669,211.7083111507207,Orange
